source,att_or_voucher_id,voucher_id,path,name
voucher_attachments,13,20,assets/uploads/vouchers/20/ULTIMATE_INVOICE_NOVEMBER_20251125144701_40c31d.pdf,"ULTIMATE INVOICE NOVEMBER.pdf"
voucher_attachments,14,22,assets/uploads/vouchers/22/PROFORMA_INVOICE_Ultimate_General_Trading_Co_LTD_Limited_34121_2__20251125154255_a88ead.pdf,"PROFORMA INVOICE Ultimate General Trading Co LTD Limited 34121 (2).pdf"
voucher_attachments,17,28,assets/uploads/vouchers/28/Invoice_NoY25112508_20251126092622_047e9f.pdf,"Invoice NoY25112508.pdf"
voucher_attachments,18,29,assets/uploads/vouchers/29/SO-58839_20251126122444_5a8fe6.pdf,SO-58839.pdf
voucher_attachments,19,30,assets/uploads/vouchers/30/JSD_AIR_CARGO20251126-111016_20251126143906_ed4e41.pdf,"JSD AIR CARGO20251126-111016.pdf"
voucher_attachments,20,30,assets/uploads/vouchers/30/jsd001_20251127144215_9225dc.jpg,jsd001.jpg
voucher_attachments,21,30,assets/uploads/vouchers/30/LMFPI20251115-1-USD_20251127150742_326cdc.pdf,LMFPI20251115-1-USD.pdf
voucher_attachments,22,30,assets/uploads/vouchers/30/Commercial_Invoice_WQ251308_1__20251127150742_3f4bfe.pdf,"Commercial Invoice WQ251308 (1).pdf"
voucher_attachments,27,32,assets/uploads/vouchers/32/INV-000110_1__20251128120953_3171ef.pdf,"INV-000110 (1).pdf"
voucher_attachments,28,32,assets/uploads/vouchers/32/Quotation_-_S00058_20251128120953_becbf6.pdf,"Quotation - S00058.pdf"
voucher_attachments,30,34,assets/uploads/vouchers/34/INV_2025_00131_20251128180516_b71471.pdf,INV_2025_00131.pdf
voucher_attachments,31,35,assets/uploads/vouchers/35/JSD_AIR_CARGO20251124-123231_20251201144648_d63392.pdf,"JSD AIR CARGO20251124-123231.pdf"
voucher_attachments,32,35,assets/uploads/vouchers/35/20250926_Sample_Invoice_20251201144648_121eac.pdf,"20250926 Sample Invoice.pdf"
voucher_attachments,33,36,assets/uploads/vouchers/36/INVOICE_NO_0039_20251203085520_630419.jpg,"INVOICE NO.0039.jpg"
voucher_attachments,34,37,assets/uploads/vouchers/37/SWIFT_FOR_TRAVELLING_EXPENSES_TO_DANGOTE_20251203113205_753d71.pdf,"SWIFT  FOR TRAVELLING EXPENSES TO DANGOTE.pdf"
voucher_attachments,39,37,assets/uploads/vouchers/37/INVITATION_FOR_VENDORS_AWARENESS_DCP_TANZANIA_1-3_DECEMBER_20251205112624_87901f.pdf,"INVITATION FOR VENDORS AWARENESS(DCP TANZANIA) 1-3 DECEMBER.pdf"
voucher_attachments,35,38,assets/uploads/vouchers/38/INV_2025_00133_1__20251203115822_fd0acd.pdf,"INV_2025_00133 (1).pdf"
voucher_attachments,36,39,assets/uploads/vouchers/39/OPAINV25120313600_20251204093719_fe4e15.jpg,OPAINV25120313600.jpg
voucher_attachments,37,39,assets/uploads/vouchers/39/LMFPI20250703-USD-1-1_20251204093719_e5fa03.pdf,LMFPI20250703-USD-1-1.pdf
voucher_attachments,38,40,assets/uploads/vouchers/40/Ultimate_General_Tra__20251205104514_01b121.pdf,"Ultimate General Tra..pdf"
voucher_attachments,40,41,assets/uploads/vouchers/41/LMF20250902_20251208095008_eae163.pdf,LMF20250902.pdf
voucher_attachments,41,41,assets/uploads/vouchers/41/OPAVRV2512003141_20251208095008_1f675c.jpg,OPAVRV2512003141.jpg
voucher_attachments,42,42,assets/uploads/vouchers/42/VAT_SLIP_AUG_25_20251208124346_ddbe72.pdf,"VAT SLIP AUG 25.pdf"
voucher_attachments,43,42,assets/uploads/vouchers/42/VAT_SLIP_OCT_25_20251208124700_549519.pdf,"VAT SLIP OCT 25.pdf"
voucher_attachments,44,42,assets/uploads/vouchers/42/VAT_SLIP_MARCH_25_20251208124739_145d2f.pdf,"VAT SLIP MARCH 25.pdf"
voucher_attachments,45,42,assets/uploads/vouchers/42/STAMP_DUTY_25_SLIP_20251208124823_d3872a.pdf,"STAMP DUTY 25 SLIP.pdf"
voucher_attachments,46,43,assets/uploads/vouchers/43/STAMICO_INVOICE_20251208164538_0ee89c.pdf,"STAMICO INVOICE.pdf"
voucher_attachments,47,44,assets/uploads/vouchers/44/ULTIMATE_INVOICE_30SEP2025_2__20251208174312_60b604.pdf,"ULTIMATE INVOICE 30SEP2025 (2).pdf"
voucher_attachments,48,45,assets/uploads/vouchers/45/INVOICE5_20251208181519_ed32af.jpeg,INVOICE5.jpeg
voucher_attachments,49,45,assets/uploads/vouchers/45/INVOICE1_20251208181519_31d569.jpeg,INVOICE1.jpeg
voucher_attachments,50,45,assets/uploads/vouchers/45/INVOICE2_20251208181519_b868a3.jpeg,INVOICE2.jpeg
voucher_attachments,51,45,assets/uploads/vouchers/45/INVOICE3_20251208181519_bb4ac4.jpeg,INVOICE3.jpeg
voucher_attachments,52,45,assets/uploads/vouchers/45/INVOICE4_20251208181519_057c9c.jpeg,INVOICE4.jpeg
voucher_attachments,53,46,assets/uploads/vouchers/46/INVOICE_NO_0255_20251210101047_b01c37.pdf,"INVOICE NO 0255.pdf"
voucher_attachments,54,46,assets/uploads/vouchers/46/JITEGEMEE_HOLDINGS_CONSUMABLES_Quotation_-_S00065_1__20251210101047_0be9c5.pdf,"JITEGEMEE HOLDINGS, CONSUMABLES Quotation - S00065 (1).pdf"
voucher_attachments,55,47,assets/uploads/vouchers/47/INVOICE_NO_0525_20251210114434_b1a033.pdf,"INVOICE NO 0525.pdf"
voucher_attachments,56,47,assets/uploads/vouchers/47/Quotation_-_S00078_1__20251210114434_1b04bb.pdf,"Quotation - S00078 (1).pdf"
voucher_attachments,57,50,assets/uploads/vouchers/50/PAYMENTSERVICE_20251212093159_c5ab70.pdf,PAYMENTSERVICE.pdf
voucher_attachments,58,51,assets/uploads/vouchers/51/ULTIMATE_GENERAL_PRO-FORMA_120INVOICE_AutoRecovered__20251212132143_48e6e8.pdf,"ULTIMATE GENERAL PRO-FORMA^120INVOICE(AutoRecovered).pdf"
voucher_attachments,59,51,assets/uploads/vouchers/51/Quotation_-_S00086_20251212132143_77acaa.pdf,"Quotation - S00086.pdf"
voucher_attachments,60,52,assets/uploads/vouchers/52/ULTIMATE_GENERAL_TRADING_COMPANY_20251212132843_bd5c28.pdf,"ULTIMATE GENERAL TRADING COMPANY.pdf"
voucher_attachments,61,52,assets/uploads/vouchers/52/Quotation_-_S00086_20251212132843_0a1418.pdf,"Quotation - S00086.pdf"
voucher_attachments,62,53,assets/uploads/vouchers/53/Ultimate_General_Tra__20251215162116_1e4db5.pdf,"Ultimate General Tra..pdf"
voucher_attachments,63,53,assets/uploads/vouchers/53/INV_2025_00134_20251215162116_7443c5.pdf,INV_2025_00134.pdf
voucher_attachments,64,54,assets/uploads/vouchers/54/INV_2025_00136_20251215164920_0a0706.pdf,INV_2025_00136.pdf
voucher_attachments,65,54,assets/uploads/vouchers/54/DISPOSABLE_COVERALLS_INVOICE_20251215164920_26099d.pdf,"DISPOSABLE COVERALLS INVOICE.pdf"
voucher_attachments,66,56,assets/uploads/vouchers/56/SO-59039_20251216172807_deb204.pdf,SO-59039.pdf
voucher_attachments,67,56,assets/uploads/vouchers/56/Quotation_-_S00092_20251216172807_357590.pdf,"Quotation - S00092.pdf"
voucher_attachments,68,58,assets/uploads/vouchers/58/OPAINV25120326804_20251217124415_3d96e4.jpg,OPAINV25120326804.jpg
voucher_attachments,69,58,assets/uploads/vouchers/58/Invoice_No_20251007170712_20251217124415_3c34b2.pdf,"Invoice No_20251007170712.pdf"
voucher_attachments,70,59,assets/uploads/vouchers/59/Invoice_No_20251007170712_20251217125449_7bc56b.pdf,"Invoice No_20251007170712.pdf"
voucher_attachments,71,59,assets/uploads/vouchers/59/OPAINV25120327800_20251217125449_813fea.jpg,OPAINV25120327800.jpg
voucher_attachments,72,60,assets/uploads/vouchers/60/Proof_of_payment_for_petty_20251218103203_0456ea.pdf,"Proof of payment for petty.pdf"
voucher_attachments,75,60,assets/uploads/vouchers/60/Petty_Cash_Request_20251218153242_6a7161.png,"Petty Cash Request.png"
voucher_attachments,73,61,assets/uploads/vouchers/61/OPAINV25120328670_20251218144059_ad59a8.jpg,OPAINV25120328670.jpg
voucher_attachments,74,61,assets/uploads/vouchers/61/Invoice_No_20251007170712_20251218144059_27431a.pdf,"Invoice No_20251007170712.pdf"
voucher_attachments,76,63,assets/uploads/vouchers/63/Invoice_1167p4244_2025_20251223145823_5f5c4e.pdf,Invoice_1167p4244_2025.pdf
voucher_attachments,77,63,assets/uploads/vouchers/63/JITEGEMEE_HOLDINGS_Quotation_-_S00096_2__20251223145823_950f64.pdf,"JITEGEMEE HOLDINGS Quotation - S00096 (2).pdf"
voucher_attachments,78,64,assets/uploads/vouchers/64/OPAINV25120332491_20251224105904_3d9e22.jpg,OPAINV25120332491.jpg
voucher_attachments,79,64,assets/uploads/vouchers/64/Invoice_20251007170712_20251224105904_684160.pdf,Invoice_20251007170712.pdf
voucher_attachments,85,66,assets/uploads/vouchers/66/WhatsApp_Image_2025-12-25_at_00_02_06_20251226142931_39b2b3.jpeg,"WhatsApp Image 2025-12-25 at 00.02.06.jpeg"
voucher_attachments,86,66,assets/uploads/vouchers/66/WhatsApp_Image_2025-12-26_at_01_23_20_20251226142931_d195b6.jpeg,"WhatsApp Image 2025-12-26 at 01.23.20.jpeg"
voucher_attachments,87,66,assets/uploads/vouchers/66/WhatsApp_Image_2025-12-26_at_01_23_25_20251226142931_304872.jpeg,"WhatsApp Image 2025-12-26 at 01.23.25.jpeg"
voucher_attachments,88,66,assets/uploads/vouchers/66/WhatsApp_Image_2025-12-26_at_01_23_43_20251226142931_b2c89a.jpeg,"WhatsApp Image 2025-12-26 at 01.23.43.jpeg"
voucher_attachments,89,66,assets/uploads/vouchers/66/WhatsApp_Image_2025-12-26_at_01_23_53_20251226142931_e2ac4c.jpeg,"WhatsApp Image 2025-12-26 at 01.23.53.jpeg"
voucher_attachments,90,67,assets/uploads/vouchers/67/PAYMENT_INFO_FOR_TRAINING_20251226163210_8c445c.jpeg,"PAYMENT INFO FOR TRAINING.jpeg"
voucher_attachments,91,68,assets/uploads/vouchers/68/Sadja_web_solution_20251230233653_35ab58.pdf,"Sadja web solution.pdf"
voucher_attachments,92,69,assets/uploads/vouchers/69/VAT_june_2025_merged_20251231095939_042dd5.pdf,"VAT june 2025_merged.pdf"
voucher_attachments,93,69,assets/uploads/vouchers/69/VAT_SEPT_merged_20251231100343_031d6f.pdf,"VAT SEPT_merged.pdf"
voucher_attachments,94,69,assets/uploads/vouchers/69/COR_Q4_SLIP_merged_20251231100430_d14931.pdf,"COR Q4 SLIP_merged.pdf"
voucher_attachments,95,71,assets/uploads/vouchers/71/IMG_7590_20260101104755_f2d1cc.jpeg,IMG_7590.jpeg
voucher_attachments,96,71,assets/uploads/vouchers/71/IMG_7601_20260101120710_c02c81.jpeg,IMG_7601.jpeg
voucher_attachments,101,74,assets/uploads/vouchers/74/PETTY_CASH_LAYOUT_20260106121619_9d14ff.pdf,"PETTY CASH LAYOUT.pdf"
voucher_attachments,102,76,assets/uploads/vouchers/76/FUEL_20260106140439_b04ba4.pdf,FUEL.pdf
voucher_attachments,103,77,assets/uploads/vouchers/77/Fs_2023__20260106151838_d01a2c.pdf,"Fs 2023 .pdf"
voucher_attachments,104,77,assets/uploads/vouchers/77/Fs_2022_20260106151838_9c863d.pdf,"Fs 2022.pdf"
voucher_attachments,105,77,assets/uploads/vouchers/77/Fs_2024_20260106151838_d1e7b6.pdf,"Fs 2024.pdf"
voucher_attachments,106,77,assets/uploads/vouchers/77/CONTROL_NO_2_SERVICE_LEVY_20260106151838_cdb8db.pdf,"CONTROL NO 2 SERVICE LEVY.pdf"
voucher_attachments,107,77,assets/uploads/vouchers/77/CONTROL_NO_CITY_LEVY_20260106151838_40542d.pdf,"CONTROL NO CITY LEVY.pdf"
voucher_attachments,114,77,assets/uploads/vouchers/77/Z-REPORT_AS_ON_JANUARY-DECEMBER_20260106152624_21aab5.pdf,"Z-REPORT AS ON JANUARY-DECEMBER.pdf"
voucher_attachments,108,78,assets/uploads/vouchers/78/Fs_2023__20260106152442_a920af.pdf,"Fs 2023 .pdf"
voucher_attachments,109,78,assets/uploads/vouchers/78/Fs_2022_20260106152442_a9fe78.pdf,"Fs 2022.pdf"
voucher_attachments,110,78,assets/uploads/vouchers/78/Fs_2024_20260106152442_bee2df.pdf,"Fs 2024.pdf"
voucher_attachments,111,78,assets/uploads/vouchers/78/CONTROL_NO_2_SERVICE_LEVY_20260106152442_39823a.pdf,"CONTROL NO 2 SERVICE LEVY.pdf"
voucher_attachments,112,78,assets/uploads/vouchers/78/CONTROL_NO_CITY_LEVY_20260106152442_15c11b.pdf,"CONTROL NO CITY LEVY.pdf"
voucher_attachments,113,78,assets/uploads/vouchers/78/Z-REPORT_AS_ON_JANUARY-DECEMBER_20260106152442_a58efe.pdf,"Z-REPORT AS ON JANUARY-DECEMBER.pdf"
voucher_attachments,119,80,assets/uploads/vouchers/80/Quotation_SO-2026-00009_20260107131024_f3f5d7.pdf,Quotation_SO-2026-00009.pdf
voucher_attachments,120,80,assets/uploads/vouchers/80/PROFORMA_INVOICE_ULTIMATE_GENERAL_3427_20260107131024_5896a9.pdf,"PROFORMA INVOICE ULTIMATE GENERAL 3427.pdf"
voucher_attachments,121,81,assets/uploads/vouchers/81/Quotation_SO-2026-00009_20260107133428_f397a0.pdf,Quotation_SO-2026-00009.pdf
voucher_attachments,197,81,assets/uploads/vouchers/81/ULTIMATE_20260130223648_58d948.pdf,ULTIMATE.pdf
voucher_attachments,122,82,assets/uploads/vouchers/82/ULTIMATE_2026_20260107135101_f1df73.pdf,"ULTIMATE 2026.pdf"
voucher_attachments,123,82,assets/uploads/vouchers/82/Quotation_SO-2026-00009_20260107135101_f06d19.pdf,Quotation_SO-2026-00009.pdf
voucher_attachments,126,84,assets/uploads/vouchers/84/Quotation_SO-2026-00009_20260107140651_29ca93.pdf,Quotation_SO-2026-00009.pdf
voucher_attachments,127,84,assets/uploads/vouchers/84/SO-59190_20260107140651_1b0291.pdf,SO-59190.pdf
voucher_attachments,128,85,assets/uploads/vouchers/85/ULTIMATE_Quote_20260107150530_a1f045.pdf,"ULTIMATE Quote.pdf"
voucher_attachments,129,85,assets/uploads/vouchers/85/Quotation_SO-2026-00009_20260107150530_6ff3ec.pdf,Quotation_SO-2026-00009.pdf
voucher_attachments,130,87,assets/uploads/vouchers/87/Ultimate_General-Inv_17_20260108114329_e7b5e4.pdf,"Ultimate General-Inv 17.pdf"
voucher_attachments,131,88,assets/uploads/vouchers/88/SO-59206_20260108120258_d641db.pdf,SO-59206.pdf
voucher_attachments,132,89,assets/uploads/vouchers/89/PROFORMA_INVOICE_-_SAFETY_SHOES_20260108125235_e1d596.pdf,"PROFORMA INVOICE - SAFETY SHOES.pdf"
voucher_attachments,133,90,assets/uploads/vouchers/90/ULTIMATE_GENERAL_TRADING_COMPANY_LIMITED_20260108142138_646ef4.pdf,"ULTIMATE GENERAL TRADING COMPANY LIMITED.pdf"
voucher_attachments,134,91,assets/uploads/vouchers/91/PETTY_7-12-25_20260108165839_592822.pdf,"PETTY 7-12-25.pdf"
voucher_attachments,139,93,assets/uploads/vouchers/93/Jitegemee_Holdings_Consumables_Quotation_-_S00099_20260109162723_e74bf7.pdf,"Jitegemee Holdings, Consumables Quotation - S00099.pdf"
voucher_attachments,140,93,assets/uploads/vouchers/93/ULTIMATE_PROFORMA_INVOICE_1__20260109162723_3e48a1.pdf,"ULTIMATE PROFORMA INVOICE (1).pdf"
voucher_attachments,142,100,assets/uploads/vouchers/100/INVOICE_NO_LMF20250902_20260113081128_8432d9.pdf,"INVOICE NO LMF20250902.pdf"
voucher_attachments,143,101,assets/uploads/vouchers/101/Invoice_INV-2026-0002_1__20260113185554_713a58.pdf,"Invoice_INV-2026-0002 (1).pdf"
voucher_attachments,144,102,assets/uploads/vouchers/102/PETTY_CASH_LAYOUT_20260114083828_ecd7d1.pdf,"PETTY CASH LAYOUT.pdf"
voucher_attachments,146,104,assets/uploads/vouchers/104/P_INVOICE_No_0001_20260115093339_3303d9.pdf,"P.INVOICE No 0001.pdf"
voucher_attachments,147,104,assets/uploads/vouchers/104/Quotation_SO-2026-00014_20260115093339_31a0bb.pdf,Quotation_SO-2026-00014.pdf
voucher_attachments,149,106,assets/uploads/vouchers/106/0327f255-a90f-489c-91b4-2807fe0bcf68_20260119103325_956b9a.jpg,0327f255-a90f-489c-91b4-2807fe0bcf68.jpg
voucher_attachments,150,106,assets/uploads/vouchers/106/INVOICE_NO_LMF20250902_20260119103325_ca1450.pdf,"INVOICE NO LMF20250902.pdf"
voucher_attachments,151,106,assets/uploads/vouchers/106/14ec2bea-037d-4d84-870c-d228aaa2af39_20260119103325_4390a6.jpg,14ec2bea-037d-4d84-870c-d228aaa2af39.jpg
voucher_attachments,154,107,assets/uploads/vouchers/107/Screenshot_20260119-135513_2_20260119141908_6085e7.jpg,Screenshot_20260119-135513~2.jpg
voucher_attachments,155,108,assets/uploads/vouchers/108/accc_no_20260119143852_dd14a3.jpeg,"accc no.jpeg"
voucher_attachments,156,108,assets/uploads/vouchers/108/advertise_20260119143852_70ff90.jpeg,advertise.jpeg
voucher_attachments,157,109,assets/uploads/vouchers/109/INV-000149_20260121081118_490499.pdf,INV-000149.pdf
voucher_attachments,158,109,assets/uploads/vouchers/109/Quotation_-_S00113_20260121081118_c72b66.pdf,"Quotation - S00113.pdf"
voucher_attachments,159,109,assets/uploads/vouchers/109/Order_SO-2026-00021_20260121105646_dfe355.pdf,Order_SO-2026-00021.pdf
voucher_attachments,160,110,assets/uploads/vouchers/110/Order_SO-2026-00022_20260122125730_ed7624.pdf,Order_SO-2026-00022.pdf
voucher_attachments,161,110,assets/uploads/vouchers/110/Quote_-_2680_-_Ultimate_General_Trading_20260122125730_ecbcb7.pdf,"Quote - 2680 - Ultimate General Trading.pdf"
voucher_attachments,162,111,assets/uploads/vouchers/111/SO-59398_20260122130309_da6aa3.pdf,SO-59398.pdf
voucher_attachments,163,111,assets/uploads/vouchers/111/Order_SO-2026-00022_20260122130309_4a17e5.pdf,Order_SO-2026-00022.pdf
voucher_attachments,164,112,assets/uploads/vouchers/112/WhatsApp_Image_2026-01-22_at_14_28_11_20260122143519_7c2676.jpeg,"WhatsApp Image 2026-01-22 at 14.28.11.jpeg"
voucher_attachments,165,112,assets/uploads/vouchers/112/Order_SO-2026-00014_20260122143519_02852a.pdf,Order_SO-2026-00014.pdf
voucher_attachments,166,113,assets/uploads/vouchers/113/TRA_PAYMENT_20260122175150_859652.jpeg,"TRA PAYMENT.jpeg"
voucher_attachments,167,115,assets/uploads/vouchers/115/LMFPI20260122_20260123102133_d4b175.pdf,LMFPI20260122.pdf
voucher_attachments,168,115,assets/uploads/vouchers/115/Quotation_-_S00100_20260123102133_fc3a4b.pdf,"Quotation - S00100.pdf"
voucher_attachments,169,116,assets/uploads/vouchers/116/SALARY_JAN_2026_20260126140458_54e356.pdf,"SALARY JAN 2026.pdf"
voucher_attachments,170,117,assets/uploads/vouchers/117/computer_repair_warranty_20260127163534_82a984.jpeg,"computer repair warranty.jpeg"
voucher_attachments,171,118,assets/uploads/vouchers/118/Quotation_SO-2026-00029_20260128161729_8c42d3.pdf,Quotation_SO-2026-00029.pdf
voucher_attachments,172,118,assets/uploads/vouchers/118/WhatsApp_Image_2026-01-28_at_15_11_17_20260128161729_029c01.jpeg,"WhatsApp Image 2026-01-28 at 15.11.17.jpeg"
voucher_attachments,173,118,assets/uploads/vouchers/118/SO-59476_20260128161729_c44237.pdf,SO-59476.pdf
voucher_attachments,174,119,assets/uploads/vouchers/119/JSD_AIR_CARGO2026128-161110_20260128163312_2cda40.pdf,"JSD AIR CARGO2026128-161110.pdf"
voucher_attachments,175,119,assets/uploads/vouchers/119/WhatsApp_Image_2026-01-28_at_15_45_57_20260128163312_3a271d.jpeg,"WhatsApp Image 2026-01-28 at 15.45.57.jpeg"
voucher_attachments,176,119,assets/uploads/vouchers/119/INVOICE_NO_LMF20250902_20260113081128_8432d9_20260128163312_974865.pdf,INVOICE_NO_LMF20250902_20260113081128_8432d9.pdf
voucher_attachments,177,120,assets/uploads/vouchers/120/Invoice_Number_Y26012819_20260128172828_16e184.pdf,"Invoice Number Y26012819.pdf"
voucher_attachments,178,121,assets/uploads/vouchers/121/Order_SO-2026-00022_20260129103034_7cfb98.pdf,Order_SO-2026-00022.pdf
voucher_attachments,181,124,assets/uploads/vouchers/124/Quotation_SO-2026-00028_2__20260129145503_abfd18.pdf,"Quotation_SO-2026-00028 (2).pdf"
voucher_attachments,182,124,assets/uploads/vouchers/124/SO-59487_1__20260129145503_5a7c41.pdf,"SO-59487 (1).pdf"
voucher_attachments,183,124,assets/uploads/vouchers/124/712fb3e1-e2c4-4156-8058-f21facec7f50_20260129145503_58e958.pdf,712fb3e1-e2c4-4156-8058-f21facec7f50.pdf
voucher_attachments,184,125,assets/uploads/vouchers/125/Quotation_SO-2026-00028_2__20260129152339_e37e21.pdf,"Quotation_SO-2026-00028 (2).pdf"
voucher_attachments,185,125,assets/uploads/vouchers/125/712fb3e1-e2c4-4156-8058-f21facec7f50_20260129152339_7447a6.pdf,712fb3e1-e2c4-4156-8058-f21facec7f50.pdf
voucher_attachments,186,126,assets/uploads/vouchers/126/Bank_details_silent_ocean_20260129203519_9ac650.jpg,"Bank details silent ocean.jpg"
voucher_attachments,187,126,assets/uploads/vouchers/126/INVOICE_NO_LMF20250902_20260129203519_1cb4e1.pdf,"INVOICE NO. LMF20250902.pdf"
voucher_attachments,188,126,assets/uploads/vouchers/126/invoice_numberY25112508_20260129203519_1543c9.pdf,"invoice numberY25112508.pdf"
voucher_attachments,189,126,assets/uploads/vouchers/126/OPAINV26010005137_20260129203519_1d978c.jpg,OPAINV26010005137.jpg
voucher_attachments,190,127,assets/uploads/vouchers/127/WLT26013012_20260130113031_1e286c.pdf,WLT26013012.pdf
voucher_attachments,191,128,assets/uploads/vouchers/128/PETTY_30_1_26_20260130124427_21b674.pdf,"PETTY 30.1.26.pdf"
voucher_attachments,193,129,assets/uploads/vouchers/129/b638320e-3b8b-4179-9dba-9cf472859caf_20260130145655_dd68fc.pdf,b638320e-3b8b-4179-9dba-9cf472859caf.pdf
voucher_attachments,195,130,assets/uploads/vouchers/130/Invoice_No_CS-004245_20260130161755_a1dc70.pdf,"Invoice No. CS-004245.pdf"
voucher_attachments,196,130,assets/uploads/vouchers/130/bank_details_shananga_20260130163919_ea735f.jpg,"bank details shananga.jpg"
voucher_attachments,198,131,assets/uploads/vouchers/131/IMG_20260203_094210_682_20260203100835_8e883a.jpg,IMG_20260203_094210_682.jpg
voucher_attachments,199,132,assets/uploads/vouchers/132/CHARITY_20260203114638_e1e00b.pdf,CHARITY.pdf
voucher_attachments,200,133,assets/uploads/vouchers/133/Ultimategeneraltrading0303026_1__20260204111450_9e13ad.pdf,"Ultimategeneraltrading0303026 (1).pdf"
voucher_attachments,201,133,assets/uploads/vouchers/133/Order_SO-2026-00036_1__20260204111450_632f30.pdf,"Order_SO-2026-00036 (1).pdf"
voucher_attachments,202,134,assets/uploads/vouchers/134/SO-59588_1__20260204111901_c847a6.pdf,"SO-59588 (1).pdf"
voucher_attachments,217,134,assets/uploads/vouchers/134/Order_SO-2026-00051_20260204184842_420378.pdf,Order_SO-2026-00051.pdf
voucher_attachments,203,135,assets/uploads/vouchers/135/PROFORMA_INVOICE_ULTIMATE_GENERAL_3427_1_-1_1__20260204112534_b52785.pdf,"PROFORMA INVOICE ULTIMATE GENERAL 3427 (1)-1 (1).pdf"
voucher_attachments,204,135,assets/uploads/vouchers/135/Order_SO-2026-00036_1__20260204112534_302f5b.pdf,"Order_SO-2026-00036 (1).pdf"
voucher_attachments,206,137,assets/uploads/vouchers/137/Order_SO-2026-00036_1__20260204114726_ef6d7b.pdf,"Order_SO-2026-00036 (1).pdf"
voucher_attachments,209,140,assets/uploads/vouchers/140/Quotation_SO-2026-00032_20260204131223_fc3556.pdf,Quotation_SO-2026-00032.pdf
voucher_attachments,210,140,assets/uploads/vouchers/140/Proforma_Invoice_SO_59580_20260204131223_9f461a.pdf,"Proforma Invoice SO.59580.pdf"
voucher_attachments,211,140,assets/uploads/vouchers/140/WhatsApp_Image_2026-02-04_at_08_54_11_1__20260204131223_b4ec36.jpeg,"WhatsApp Image 2026-02-04 at 08.54.11 (1).jpeg"
voucher_attachments,212,141,assets/uploads/vouchers/141/Quotation_SO-2026-00032_20260204131747_852648.pdf,Quotation_SO-2026-00032.pdf
voucher_attachments,213,141,assets/uploads/vouchers/141/WhatsApp_Image_2026-02-04_at_08_54_11_1__20260204131747_a086cb.jpeg,"WhatsApp Image 2026-02-04 at 08.54.11 (1).jpeg"
voucher_attachments,214,141,assets/uploads/vouchers/141/Ultimate_general_INV-109_20260204131747_07b246.pdf,"Ultimate general INV-109.pdf"
voucher_attachments,215,142,assets/uploads/vouchers/142/Invoice_VITO20260203_20260204132809_b3bab7.pdf,"Invoice VITO20260203.pdf"
voucher_attachments,216,143,assets/uploads/vouchers/143/INVOICE_NO_LMF20260204_20260204145647_910e26.pdf,"INVOICE NO.LMF20260204.pdf"
voucher_attachments,218,144,assets/uploads/vouchers/144/INVOCE040126_20260204190100_933d83.pdf,INVOCE040126.pdf
voucher_attachments,219,144,assets/uploads/vouchers/144/Order_SO-2026-00036_1__20260204190100_77a917.pdf,"Order_SO-2026-00036 (1).pdf"
voucher_attachments,220,145,assets/uploads/vouchers/145/DOC-20260203-WA0003__20260206085902_7c560a.pdf,DOC-20260203-WA0003..pdf
voucher_attachments,221,147,assets/uploads/vouchers/147/Charity_RECEIPTS_20260206162443_a28ae1.pdf,"Charity RECEIPTS.pdf"
voucher_attachments,222,148,assets/uploads/vouchers/148/Order_SO-2026-00058_20260206182431_b087d5.pdf,Order_SO-2026-00058.pdf
voucher_attachments,223,149,assets/uploads/vouchers/149/LMFPI20260122_20260206184338_5da302.pdf,LMFPI20260122.pdf
voucher_attachments,224,149,assets/uploads/vouchers/149/Tracking_No_JSD202601284395-1_20260206184338_3a4341.jpg,"Tracking No JSD202601284395-1.jpg"
voucher_attachments,225,149,assets/uploads/vouchers/149/JSD_BANK_DETAILS_20260206184338_7bc928.jpg,"JSD BANK DETAILS.jpg"
voucher_attachments,226,150,assets/uploads/vouchers/150/SO-59634_20260207110341_ebc0b6.pdf,SO-59634.pdf
voucher_attachments,227,150,assets/uploads/vouchers/150/Order_SO-2026-00058_20260207110341_720c2c.pdf,Order_SO-2026-00058.pdf
voucher_attachments,228,151,assets/uploads/vouchers/151/Invoice_INV-2026-0012_20260207120530_6b30dd.pdf,Invoice_INV-2026-0012.pdf
voucher_attachments,229,152,assets/uploads/vouchers/152/Ultimate_General-Inv_124_20260207143301_43ccd7.pdf,"Ultimate General-Inv 124.pdf"
voucher_attachments,230,152,assets/uploads/vouchers/152/Order_SO-2026-00058_20260207143301_3da697.pdf,Order_SO-2026-00058.pdf
voucher_attachments,231,153,assets/uploads/vouchers/153/Quote_-_2732_-_Ultimate_General_Trading_1__20260209091535_98902f.pdf,"Quote - 2732 - Ultimate General Trading (1).pdf"
voucher_attachments,236,153,assets/uploads/vouchers/153/Order_SO-2026-00058_20260209134819_5ac803.pdf,Order_SO-2026-00058.pdf
voucher_attachments,234,155,assets/uploads/vouchers/155/Quote_-_2737_-_Ultimate_General_Trading-2_20260209130702_8c48bc.pdf,"Quote - 2737 - Ultimate General Trading-2.pdf"
voucher_attachments,235,155,assets/uploads/vouchers/155/Order_SO-2026-00058_20260209130702_255bd2.pdf,Order_SO-2026-00058.pdf
voucher_attachments,265,155,assets/uploads/vouchers/155/transferToOtherLocalBanks_1__20260213172026_a3727c.pdf,"transferToOtherLocalBanks (1).pdf"
voucher_attachments,237,156,assets/uploads/vouchers/156/Invoice_-_4728_-_Ultimate_General_Trading__20260210080323_4639cb.pdf,"Invoice - 4728 - Ultimate General Trading .pdf"
voucher_attachments,238,158,assets/uploads/vouchers/158/Order_SO-2026-00030_1__20260210134321_06baf2.pdf,"Order_SO-2026-00030 (1).pdf"
voucher_attachments,240,161,assets/uploads/vouchers/161/Order_SO-2026-00045_1_1__20260210175155_2c75a6.pdf,"Order_SO-2026-00045 (1) (1).pdf"
voucher_attachments,241,162,assets/uploads/vouchers/162/IMG_20260211_081933_331_20260211083333_d7aade.jpg,IMG_20260211_081933_331.jpg
voucher_attachments,242,163,assets/uploads/vouchers/163/SHANANGA_20260211103309_2b8362.jpg,SHANANGA.jpg
voucher_attachments,243,163,assets/uploads/vouchers/163/NIKO44_20260211103309_10d1ba.pdf,NIKO44.pdf
voucher_attachments,266,163,assets/uploads/vouchers/163/transferToOtherCRDBAccounts_20260213172805_a6c7e1.pdf,transferToOtherCRDBAccounts.pdf
voucher_attachments,246,165,assets/uploads/vouchers/165/Order_SO-2026-00058_20260211141737_b9d779.pdf,Order_SO-2026-00058.pdf
voucher_attachments,247,165,assets/uploads/vouchers/165/75e52794-8feb-421c-abd7-f65543678194_20260211141737_a7479d.pdf,75e52794-8feb-421c-abd7-f65543678194.pdf
voucher_attachments,248,166,assets/uploads/vouchers/166/W2_20260212103216_2574e3.pdf,W2.pdf
voucher_attachments,249,166,assets/uploads/vouchers/166/Order_SO-2026-00045_1__20260212103216_abe3ff.pdf,"Order_SO-2026-00045 (1).pdf"
voucher_attachments,250,166,assets/uploads/vouchers/166/PPE_Proformal_Invoice-_ultimate_general_trading_co_ltd_142_20260212103216_2c7705.pdf,"PPE Proformal Invoice- ultimate general trading co ltd 142.pdf"
voucher_attachments,251,167,assets/uploads/vouchers/167/DOC-20260204-WA0006__20260212120030_dea393.pdf,DOC-20260204-WA0006..pdf
voucher_attachments,252,167,assets/uploads/vouchers/167/ULTIMATE_FEB_12_20260212120030_e6a3d9.pdf,"ULTIMATE FEB 12.pdf"
voucher_attachments,253,169,assets/uploads/vouchers/169/IMG_20260212_133437_370_20260212133902_f8ddb0.jpg,IMG_20260212_133437_370.jpg
voucher_attachments,254,170,assets/uploads/vouchers/170/Invoice_INV-2026-0016_1__20260212134859_ba589d.pdf,"Invoice_INV-2026-0016 (1).pdf"
voucher_attachments,255,170,assets/uploads/vouchers/170/Ultimate_General-Inv117_1__20260211124340_cac6c2_20260212134859_cda073.pdf,Ultimate_General-Inv117_1__20260211124340_cac6c2.pdf
voucher_attachments,256,170,assets/uploads/vouchers/170/Invoice_INV-2026-0017_1__20260212134859_23a6ac.pdf,"Invoice_INV-2026-0017 (1).pdf"
voucher_attachments,257,171,assets/uploads/vouchers/171/DOC-SO-2026-00052_20260212155310_3613bc.pdf,DOC-SO-2026-00052.pdf
voucher_attachments,258,171,assets/uploads/vouchers/171/INV-000178_20260212155310_7ba630.pdf,INV-000178.pdf
voucher_attachments,259,172,assets/uploads/vouchers/172/DOC-SO-2026-00052_20260212172405_106cfb.pdf,DOC-SO-2026-00052.pdf
voucher_attachments,260,172,assets/uploads/vouchers/172/INV-0775_20260212172405_470cab.pdf,INV-0775.pdf
voucher_attachments,261,173,assets/uploads/vouchers/173/Order_SO-2026-00058_1__20260213131410_fd5dba.pdf,"Order_SO-2026-00058 (1).pdf"
voucher_attachments,262,173,assets/uploads/vouchers/173/Receipt_No_5_20260213131410_e9a65d.pdf,"Receipt No 5.pdf"
voucher_attachments,263,174,assets/uploads/vouchers/174/Order_SO-2026-00045_2__20260213164931_09b22a.pdf,"Order_SO-2026-00045 (2).pdf"
voucher_attachments,264,174,assets/uploads/vouchers/174/SO-59697_1__20260213164931_248d2d.pdf,"SO-59697 (1).pdf"
voucher_attachments,267,175,assets/uploads/vouchers/175/Order_SO-2026-00066_20260216104954_8314d6.pdf,Order_SO-2026-00066.pdf
voucher_attachments,268,175,assets/uploads/vouchers/175/SO-59751_20260216104954_ff23e3.pdf,SO-59751.pdf
voucher_attachments,269,176,assets/uploads/vouchers/176/Order_SO-2026-00044_20260216110121_818d0a.pdf,Order_SO-2026-00044.pdf
voucher_attachments,270,176,assets/uploads/vouchers/176/Order_SO-2026-00046_20260216110121_bf1f84.pdf,Order_SO-2026-00046.pdf
voucher_attachments,271,177,assets/uploads/vouchers/177/INV-000201_20260216125657_054eb2.pdf,INV-000201.pdf
voucher_attachments,272,177,assets/uploads/vouchers/177/Order_SO-2026-00045_20260216125657_6e1837.pdf,Order_SO-2026-00045.pdf
voucher_attachments,273,178,assets/uploads/vouchers/178/Invoice_INV-2026-0018_20260216161006_15f621.pdf,Invoice_INV-2026-0018.pdf
voucher_attachments,274,180,assets/uploads/vouchers/180/Accounts_Details_OETL_NBC_20260218093952_d6f86e.pdf,"Accounts Details OETL NBC.pdf"
voucher_attachments,275,181,assets/uploads/vouchers/181/SO-59797_20260218102523_d7de0a.pdf,SO-59797.pdf
voucher_attachments,276,181,assets/uploads/vouchers/181/Order_SO-2026-00070_1__20260218102523_276c9f.pdf,"Order_SO-2026-00070 (1).pdf"
voucher_attachments,277,182,assets/uploads/vouchers/182/DRAFT_Proformal_Invoice-_ULTIMATE_GENERAL-144_20260218104233_78494c.pdf,"DRAFT Proformal Invoice- ULTIMATE GENERAL-144.pdf"
voucher_attachments,278,182,assets/uploads/vouchers/182/Order_SO-2026-00070_1__20260218104233_e3b993.pdf,"Order_SO-2026-00070 (1).pdf"
voucher_attachments,279,183,assets/uploads/vouchers/183/Ultimate_General-Hadija_20260218115045_134427.pdf,"Ultimate General-Hadija.pdf"
voucher_attachments,280,184,assets/uploads/vouchers/184/ULTIMATE_GENERAL_TRADING_Ltd_Invoice_20260219091728_c6e85f.pdf,"ULTIMATE GENERAL TRADING Ltd_Invoice.pdf"
voucher_attachments,281,185,assets/uploads/vouchers/185/Order_SO-2026-00070_1__20260219093313_4cc17d.pdf,"Order_SO-2026-00070 (1).pdf"
voucher_attachments,288,187,assets/uploads/vouchers/187/ULTIMATE_20260219130902_f2184a.pdf,ULTIMATE.pdf
voucher_attachments,289,187,assets/uploads/vouchers/187/WhatsApp_Image_2026-02-19_at_01_21_10_1__20260219130902_72c302.jpeg,"WhatsApp Image 2026-02-19 at 01.21.10 (1).jpeg"
voucher_attachments,290,187,assets/uploads/vouchers/187/WhatsApp_Image_2026-02-19_at_01_21_10_2__20260219130902_485476.jpeg,"WhatsApp Image 2026-02-19 at 01.21.10 (2).jpeg"
voucher_attachments,291,187,assets/uploads/vouchers/187/WhatsApp_Image_2026-02-19_at_01_21_10_3__20260219130902_0346b4.jpeg,"WhatsApp Image 2026-02-19 at 01.21.10 (3).jpeg"
voucher_attachments,292,187,assets/uploads/vouchers/187/WhatsApp_Image_2026-02-19_at_01_21_10_20260219130902_69cac5.jpeg,"WhatsApp Image 2026-02-19 at 01.21.10.jpeg"
voucher_attachments,293,187,assets/uploads/vouchers/187/WhatsApp_Image_2026-02-19_at_01_21_11_20260219130902_c62fbb.jpeg,"WhatsApp Image 2026-02-19 at 01.21.11.jpeg"
voucher_attachments,294,188,assets/uploads/vouchers/188/Order_SO-2026-00014_20260122143519_02852a_20260220082517_d85dc8.pdf,Order_SO-2026-00014_20260122143519_02852a.pdf
voucher_attachments,299,191,assets/uploads/vouchers/191/Order_SO-2026-00044_2__20260220090027_75141a.pdf,"Order_SO-2026-00044 (2).pdf"
voucher_attachments,300,191,assets/uploads/vouchers/191/SO-59828_20260220090027_35a449.pdf,SO-59828.pdf
voucher_attachments,301,192,assets/uploads/vouchers/192/Order_SO-2026-00046_1__20260220133952_ea4025.pdf,"Order_SO-2026-00046 (1).pdf"
voucher_attachments,302,192,assets/uploads/vouchers/192/SO-59650_20260220133952_7e781b.pdf,SO-59650.pdf
voucher_attachments,303,193,assets/uploads/vouchers/193/WST_JANUARY_26_2_20260220153510_5a6752.pdf,"WST JANUARY 26 2.pdf"
voucher_attachments,304,193,assets/uploads/vouchers/193/WST_JANUARY_26_20260220153510_6122d0.pdf,"WST JANUARY 26.pdf"
voucher_attachments,307,195,assets/uploads/vouchers/195/CASH_SALE_PAYMENT_DETAILS_20260223111526_195aa9.pdf,"CASH SALE PAYMENT DETAILS.pdf"
voucher_attachments,308,195,assets/uploads/vouchers/195/ULTIMATE_SALES_830962_20260223111526_eff57c.pdf,"ULTIMATE SALES #830962.pdf"
voucher_attachments,309,196,assets/uploads/vouchers/196/ultimate_pfi_1__20260223124730_ea973e.pdf,"ultimate pfi (1).pdf"
voucher_attachments,310,196,assets/uploads/vouchers/196/Order_SO-2026-00046_2__20260223124730_6ccbd2.pdf,"Order_SO-2026-00046 (2).pdf"
voucher_attachments,311,196,assets/uploads/vouchers/196/Order_SO-2026-00044_3__20260223124730_f715eb.pdf,"Order_SO-2026-00044 (3).pdf"
voucher_attachments,312,197,assets/uploads/vouchers/197/Order_SO-2026-00046_2__20260223125414_53156e.pdf,"Order_SO-2026-00046 (2).pdf"
voucher_attachments,313,197,assets/uploads/vouchers/197/ULTIMATE_GENERAL_TRADING_PROFOMA_20260223125414_5561f7.pdf,"ULTIMATE GENERAL TRADING PROFOMA.pdf"
voucher_attachments,314,197,assets/uploads/vouchers/197/Order_SO-2026-00044_3__20260223125414_c2fdf7.pdf,"Order_SO-2026-00044 (3).pdf"
voucher_attachments,315,198,assets/uploads/vouchers/198/Order_SO-2026-00044_3__20260223124730_f715eb_20260223141850_34a291.pdf,Order_SO-2026-00044_3__20260223124730_f715eb.pdf
voucher_attachments,316,198,assets/uploads/vouchers/198/ULTIMATE_GENERAL_20260223141850_7df438.pdf,"ULTIMATE GENERAL.pdf"
voucher_attachments,317,198,assets/uploads/vouchers/198/Order_SO-2026-00046_2__20260223124730_6ccbd2_1__20260223141850_b9c209.pdf,"Order_SO-2026-00046_2__20260223124730_6ccbd2 (1).pdf"
voucher_attachments,318,199,assets/uploads/vouchers/199/PROFORMA_INVOICE_NO_0186_20260224101224_813980.pdf,"PROFORMA INVOICE NO 0186.pdf"
voucher_attachments,321,201,assets/uploads/vouchers/201/DOC-20260210-WA0036__20260224113225_dcb018.pdf,DOC-20260210-WA0036..pdf
voucher_attachments,322,201,assets/uploads/vouchers/201/Ultimate_General-Inv_192_20260224113225_67e5a5.pdf,"Ultimate General-Inv 192.pdf"
voucher_attachments,323,202,assets/uploads/vouchers/202/Ultimate-Hadija_20260224143145_e48354.pdf,Ultimate-Hadija.pdf
voucher_attachments,324,202,assets/uploads/vouchers/202/Order_SO-2026-00044_3__20260224143145_99081c.pdf,"Order_SO-2026-00044 (3).pdf"
voucher_attachments,325,203,assets/uploads/vouchers/203/DOC-20260217-WA0068_1__20260225145656_ef1dcf.pdf,"DOC-20260217-WA0068. (1).pdf"
voucher_attachments,326,203,assets/uploads/vouchers/203/INV-000115_20260225145656_f0328e.pdf,INV-000115.pdf
voucher_attachments,327,203,assets/uploads/vouchers/203/Order_SO-2026-00044_1__20260225145656_cf388e.pdf,"Order_SO-2026-00044 (1).pdf"
voucher_attachments,328,203,assets/uploads/vouchers/203/Order_SO-2026-00046_1__20260225145656_aaf86f.pdf,"Order_SO-2026-00046 (1).pdf"
voucher_attachments,329,204,assets/uploads/vouchers/204/STAMICO_FEB_INV_26_20260225161758_74fe5c.pdf,"STAMICO FEB INV 26.pdf"
voucher_attachments,332,206,assets/uploads/vouchers/206/WhatsApp_Image_2026-02-25_at_06_01_08_20260225170217_6d00ae.jpeg,"WhatsApp Image 2026-02-25 at 06.01.08.jpeg"
voucher_attachments,333,207,assets/uploads/vouchers/207/IMG_3338_20260226144550_c39467.jpeg,IMG_3338.jpeg
voucher_attachments,334,208,assets/uploads/vouchers/208/PAYROLL_FEB_2026_20260227081643_66aeec.pdf,"PAYROLL FEB 2026.pdf"
voucher_attachments,335,208,assets/uploads/vouchers/208/PROFIT_ANALYSIS_FOR_PAYROLL_FEB_26_20260227081643_1c9d38.pdf,"PROFIT ANALYSIS FOR PAYROLL FEB 26.pdf"
voucher_attachments,339,211,assets/uploads/vouchers/211/268-Order_SO-2026-00073_2__20260228134304_365112.pdf,"268-Order_SO-2026-00073 (2).pdf"
voucher_attachments,340,212,assets/uploads/vouchers/212/ULTIMATE_FEBRUARY_27_20260302102135_9191a7.pdf,"ULTIMATE FEBRUARY 27.pdf"
voucher_attachments,341,212,assets/uploads/vouchers/212/Order_SO-2026-00080_1__20260302102135_b329c9.pdf,"Order_SO-2026-00080 (1).pdf"
voucher_attachments,342,213,assets/uploads/vouchers/213/WhatsApp_Image_2026-03-02_at_12_29_07_20260302123347_a5c39b.jpeg,"WhatsApp Image 2026-03-02 at 12.29.07.jpeg"
voucher_attachments,343,213,assets/uploads/vouchers/213/CamScanner_03-02-2026_12_09_20260302123347_617b6c.pdf,"CamScanner 03-02-2026 12.09.pdf"
voucher_attachments,344,213,assets/uploads/vouchers/213/Order_SO-2026-00079_1__20260302123347_75e76b.pdf,"Order_SO-2026-00079 (1).pdf"
voucher_attachments,345,214,assets/uploads/vouchers/214/WhatsApp_Image_2026-03-02_at_14_45_47_20260302144726_2dcb44.jpeg,"WhatsApp Image 2026-03-02 at 14.45.47.jpeg"
voucher_attachments,346,214,assets/uploads/vouchers/214/Invoice_INV-2026-0024_3__20260302144726_fb23c4.pdf,"Invoice_INV-2026-0024 (3).pdf"
voucher_attachments,347,215,assets/uploads/vouchers/215/Order_SO-2026-00096_20260302150659_55bd5c.pdf,Order_SO-2026-00096.pdf
voucher_attachments,348,215,assets/uploads/vouchers/215/Quote_-_2784_-_Ultimate_General_Trading_20260302150659_fe039e.pdf,"Quote - 2784 - Ultimate General Trading.pdf"
voucher_attachments,351,217,assets/uploads/vouchers/217/_MARSEPolo150_1__20260303091448_a3e245.pdf,"????????????MARSEPolo150??? (1).pdf"
voucher_attachments,352,217,assets/uploads/vouchers/217/Order_SO-2026-00092_20260303091448_36088f.pdf,Order_SO-2026-00092.pdf
voucher_attachments,353,218,assets/uploads/vouchers/218/Bank_details_silent_ocean_20260303095721_deb20d.jpg,"Bank details silent ocean.jpg"
voucher_attachments,354,218,assets/uploads/vouchers/218/INVOICE_NO_LMF20250902_20260303095721_a994d6.pdf,"INVOICE NO LMF20250902.pdf"
voucher_attachments,355,218,assets/uploads/vouchers/218/OPAINV26030053107_20260303095721_99c93a.jpg,OPAINV26030053107.jpg
voucher_attachments,356,219,assets/uploads/vouchers/219/Order_SO-2026-00081_20260303113947_fce1c4.pdf,Order_SO-2026-00081.pdf
voucher_attachments,357,219,assets/uploads/vouchers/219/1077-ULTIMATE-GENERAL-TRADING-COMPANY-LIMITED_20260303113947_95c676.pdf,1077-ULTIMATE-GENERAL-TRADING-COMPANY-LIMITED.pdf
voucher_attachments,358,220,assets/uploads/vouchers/220/Safety_and_Security_SO-59933_20260227140309_8dfc8b_20260303162255_515f22.pdf,Safety_and_Security_SO-59933_20260227140309_8dfc8b.pdf
voucher_attachments,359,220,assets/uploads/vouchers/220/HESU_INVESTMENT_Drivers_Order_SO-2026-00073_2__20260227140309_6b868c_20260303162255_0e8053.pdf,HESU_INVESTMENT_Drivers_Order_SO-2026-00073_2__20260227140309_6b868c.pdf
voucher_attachments,360,221,assets/uploads/vouchers/221/ULTIMATE_03_03_2026_20260303172459_a2f915.pdf,"ULTIMATE 03.03.2026.pdf"
voucher_attachments,361,221,assets/uploads/vouchers/221/Order_SO-2026-00093_1__20260303172459_a6a617.pdf,"Order_SO-2026-00093 (1).pdf"
voucher_attachments,364,223,assets/uploads/vouchers/223/Ultimate_General-Inv_216_20260303180546_1a270a.pdf,"Ultimate General-Inv 216.pdf"
voucher_attachments,365,223,assets/uploads/vouchers/223/Order_SO-2026-00093_1__20260303180546_620ffa.pdf,"Order_SO-2026-00093 (1).pdf"
voucher_attachments,366,224,assets/uploads/vouchers/224/SO-59965_1__20260303185556_b10eff.pdf,"SO-59965 (1).pdf"
voucher_attachments,367,224,assets/uploads/vouchers/224/Order_SO-2026-00067_1__20260303185556_6fe05a.pdf,"Order_SO-2026-00067 (1).pdf"
voucher_attachments,368,225,assets/uploads/vouchers/225/Ultimate_General-Inv_215_20260303190200_ca9f1c.pdf,"Ultimate General-Inv 215.pdf"
voucher_attachments,369,225,assets/uploads/vouchers/225/Order_SO-2026-00067_1__20260303190200_35dc57.pdf,"Order_SO-2026-00067 (1).pdf"
voucher_attachments,370,226,assets/uploads/vouchers/226/SO-59981_4__20260304083426_5421ea.pdf,"SO-59981 (4).pdf"
voucher_attachments,371,226,assets/uploads/vouchers/226/Order_SO-2026-00093_1__20260304083426_72bfcc.pdf,"Order_SO-2026-00093 (1).pdf"
voucher_attachments,374,228,assets/uploads/vouchers/228/ULTIMATE_04_03_2026_20260304104046_506c40.pdf,"ULTIMATE 04.03.2026.pdf"
voucher_attachments,375,228,assets/uploads/vouchers/228/Order_SO-2026-00094_20260304104046_9ccac6.pdf,Order_SO-2026-00094.pdf
voucher_attachments,376,229,assets/uploads/vouchers/229/ULTIMATE_GENERAL_TRADING_COMPANY_PRO-FORMA_20260304104822_70f578.pdf,"ULTIMATE GENERAL TRADING COMPANY PRO-FORMA.pdf"
voucher_attachments,377,229,assets/uploads/vouchers/229/Order_SO-2026-00093_-_Copy_20260304104822_77419b.pdf,"Order_SO-2026-00093 - Copy.pdf"
voucher_attachments,378,230,assets/uploads/vouchers/230/ULTIMATE_GENERAL_TRADING_COMPANY_PRO-FORMA_20260304105616_fc0153.pdf,"ULTIMATE GENERAL TRADING COMPANY PRO-FORMA.pdf"
voucher_attachments,379,230,assets/uploads/vouchers/230/Order_SO-2026-00067_1__20260304105616_2a7729.pdf,"Order_SO-2026-00067 (1).pdf"
voucher_attachments,380,231,assets/uploads/vouchers/231/ULTIMATE_GENERAL_TRADING_COMPANY_PRO-FORMA_20260304110030_f07f33.pdf,"ULTIMATE GENERAL TRADING COMPANY PRO-FORMA.pdf"
voucher_attachments,381,231,assets/uploads/vouchers/231/Order_SO-2026-00094_20260304110030_fff8f5.pdf,Order_SO-2026-00094.pdf
voucher_attachments,382,232,assets/uploads/vouchers/232/WhatsApp_Image_2026-03-04_at_10_48_47_20260304110748_09c933.jpeg,"WhatsApp Image 2026-03-04 at 10.48.47.jpeg"
voucher_attachments,383,232,assets/uploads/vouchers/232/Order_SO-2026-00067_1__20260304110748_921e1c.pdf,"Order_SO-2026-00067 (1).pdf"
voucher_attachments,384,233,assets/uploads/vouchers/233/WhatsApp_Image_2026-03-04_at_10_49_17_20260304111033_bf5081.jpeg,"WhatsApp Image 2026-03-04 at 10.49.17.jpeg"
voucher_attachments,385,233,assets/uploads/vouchers/233/Order_SO-2026-00093_-_Copy_20260304111033_b9029c.pdf,"Order_SO-2026-00093 - Copy.pdf"
voucher_attachments,386,234,assets/uploads/vouchers/234/CamScanner_03-04-2026_11_00_20260304111502_a31650.pdf,"CamScanner 03-04-2026 11.00.pdf"
voucher_attachments,387,234,assets/uploads/vouchers/234/Order_SO-2026-00094_20260304111502_d1786a.pdf,Order_SO-2026-00094.pdf
voucher_attachments,388,235,assets/uploads/vouchers/235/Order_SO-2026-00094_20260304113704_488ef4.pdf,Order_SO-2026-00094.pdf
voucher_attachments,392,237,assets/uploads/vouchers/237/202600150_ultimate_1__20260304121818_455064.pdf,"202600150 ultimate (1).pdf"
voucher_attachments,393,237,assets/uploads/vouchers/237/Order_SO-2026-00067_1__20260304121818_5ee704.pdf,"Order_SO-2026-00067 (1).pdf"
voucher_attachments,394,237,assets/uploads/vouchers/237/Order_SO-2026-00093_1__20260304121818_542d21.pdf,"Order_SO-2026-00093 (1).pdf"
voucher_attachments,395,238,assets/uploads/vouchers/238/PROFORMA_INVOICE_ULTIMATE_GENERAL_3427_1_-1-2_20260304134513_3da1d3.pdf,"PROFORMA INVOICE ULTIMATE GENERAL 3427 (1)-1-2.pdf"
voucher_attachments,396,238,assets/uploads/vouchers/238/Order_SO-2026-00094_20260304134513_90c4c2.pdf,Order_SO-2026-00094.pdf
voucher_attachments,397,239,assets/uploads/vouchers/239/IMG_20260306_084627_971_20260306085717_f39434.jpg,IMG_20260306_084627_971.jpg
voucher_attachments,398,240,assets/uploads/vouchers/240/Order_SO-2026-00108_1__20260309091833_444511.pdf,"Order_SO-2026-00108 (1).pdf"
voucher_attachments,399,240,assets/uploads/vouchers/240/INV-000117_20260309091833_2db9b6.pdf,INV-000117.pdf
voucher_attachments,400,241,assets/uploads/vouchers/241/Order_SO-2026-00081_2__20260309093505_e96c6f.pdf,"Order_SO-2026-00081 (2).pdf"
voucher_attachments,401,241,assets/uploads/vouchers/241/SO-60026_20260309093505_c2b98e.pdf,SO-60026.pdf
voucher_attachments,402,242,assets/uploads/vouchers/242/Order_SO-2026-00108_1__20260309101012_e190be.pdf,"Order_SO-2026-00108 (1).pdf"
voucher_attachments,403,242,assets/uploads/vouchers/242/WhatsApp_Image_2026-03-09_at_10_06_44_20260309101012_fa16c0.jpeg,"WhatsApp Image 2026-03-09 at 10.06.44.jpeg"
voucher_attachments,404,243,assets/uploads/vouchers/243/Order_SO-2026-00081_20260303113947_fce1c4_20260309123932_f796f5.pdf,Order_SO-2026-00081_20260303113947_fce1c4.pdf
voucher_attachments,405,243,assets/uploads/vouchers/243/1077-ULTIMATE-GENERAL-TRADING-COMPANY-LIMITED_20260303113947_95c676_20260309123932_9fe4a8.pdf,1077-ULTIMATE-GENERAL-TRADING-COMPANY-LIMITED_20260303113947_95c676.pdf
voucher_attachments,407,245,assets/uploads/vouchers/245/268-Order_SO-2026-00073_2__20260228134304_365112_20260309124616_c0b336.pdf,268-Order_SO-2026-00073_2__20260228134304_365112.pdf
voucher_attachments,408,246,assets/uploads/vouchers/246/Order_SO-2026-00108_1__20260309130242_7f4565.pdf,"Order_SO-2026-00108 (1).pdf"
voucher_attachments,409,246,assets/uploads/vouchers/246/SO-60032_20260309130242_77f016.pdf,SO-60032.pdf
voucher_attachments,410,246,assets/uploads/vouchers/246/Order_SO-2026-00118_20260309130242_d7ec97.pdf,Order_SO-2026-00118.pdf
voucher_attachments,411,247,assets/uploads/vouchers/247/Ultimate_General-Irene_20260309161211_c20a2f.pdf,"Ultimate General-Irene.pdf"
voucher_attachments,412,247,assets/uploads/vouchers/247/Order_SO-2026-00094_20260309161211_d61129.pdf,Order_SO-2026-00094.pdf
voucher_attachments,413,248,assets/uploads/vouchers/248/Order_SO-2026-00094_20260309161617_d310a1.pdf,Order_SO-2026-00094.pdf
voucher_attachments,414,249,assets/uploads/vouchers/249/SO-60046_20260310090456_50e723.pdf,SO-60046.pdf
voucher_attachments,415,249,assets/uploads/vouchers/249/Order_SO-2026-00094_20260310090456_8ca836.pdf,Order_SO-2026-00094.pdf
voucher_attachments,418,251,assets/uploads/vouchers/251/MELEZ_FEB_2026_20260310163741_44d1f7.pdf,"MELEZ FEB 2026.pdf"
voucher_attachments,422,251,assets/uploads/vouchers/251/WST_FEBRUARY_PROFIT_ANALYSIS_20260311102613_b7748c.pdf,"WST FEBRUARY PROFIT ANALYSIS.pdf"
voucher_attachments,420,252,assets/uploads/vouchers/252/Invoice_INV-2026-0033_20260310170009_a36aed.pdf,Invoice_INV-2026-0033.pdf
voucher_attachments,421,252,assets/uploads/vouchers/252/MAPINGA_PROFIT_ANALYSIS_20260310170240_269dab.pdf,"MAPINGA PROFIT ANALYSIS.pdf"
voucher_attachments,423,253,assets/uploads/vouchers/253/5d551996-799c-4dea-becb-e93502d45a15_20260311112313_a5cb2a.jpg,5d551996-799c-4dea-becb-e93502d45a15.jpg
voucher_attachments,424,253,assets/uploads/vouchers/253/JSD_BANK_DETAILS_20260311112313_7fa90e.jpg,"JSD BANK DETAILS.jpg"
voucher_attachments,425,253,assets/uploads/vouchers/253/LMFPI20260122_20260311112313_69de5b.pdf,LMFPI20260122.pdf
voucher_attachments,426,254,assets/uploads/vouchers/254/IMG_20260312_104953_370_20260312110047_12a3b1.jpg,IMG_20260312_104953_370.jpg
voucher_attachments,427,255,assets/uploads/vouchers/255/CamScanner_03-11-2026_15_47_20260312121653_e09e7d.pdf,"CamScanner 03-11-2026 15.47.pdf"
voucher_attachments,428,255,assets/uploads/vouchers/255/Order_SO-2026-00117_1__20260312121653_0ba75b.pdf,"Order_SO-2026-00117 (1).pdf"
voucher_attachments,431,255,assets/uploads/vouchers/255/Fatemy_Supplies_-_Bank_Details_20260312142829_809a17.jpg,"Fatemy Supplies - Bank Details.JPG"
voucher_attachments,432,255,assets/uploads/vouchers/255/WhatsApp_Image_2026-03-12_at_04_25_52_20260312142907_035320.jpeg,"WhatsApp Image 2026-03-12 at 04.25.52.jpeg"
voucher_attachments,429,256,assets/uploads/vouchers/256/Order_SO-2026-00117_1__20260312130237_a7bb96.pdf,"Order_SO-2026-00117 (1).pdf"
voucher_attachments,430,256,assets/uploads/vouchers/256/W_O_PROFIT_ANALYSIS_20260312135823_51fb0b.pdf,"W.O PROFIT ANALYSIS.pdf"
voucher_attachments,433,257,assets/uploads/vouchers/257/SO-60103_20260313164250_bf2abf.pdf,SO-60103.pdf
voucher_attachments,434,257,assets/uploads/vouchers/257/Order_SO-2026-00121_20260313164250_71d280.pdf,Order_SO-2026-00121.pdf
voucher_attachments,435,258,assets/uploads/vouchers/258/Cheque_crdb_20260316085411_6c50b4.pdf,"Cheque crdb.pdf"
voucher_attachments,436,259,assets/uploads/vouchers/259/payment_plan_20260316093635_86de3b.png,"payment plan.png"
voucher_attachments,438,261,assets/uploads/vouchers/261/Order_SO-2026-00116_20260316102914_ac12b5.pdf,Order_SO-2026-00116.pdf
voucher_attachments,439,261,assets/uploads/vouchers/261/PPE_Proformal_Invoice-ULTIMATE_TRADING_COMPANY-156_20260316105323_1cb432.pdf,"PPE Proformal Invoice-ULTIMATE TRADING COMPANY-156.pdf"
voucher_attachments,442,262,assets/uploads/vouchers/262/WhatsApp_Image_2026-03-16_at_02_00_40_2__20260316122014_368ef6.jpeg,"WhatsApp Image 2026-03-16 at 02.00.40 (2).jpeg"
voucher_attachments,440,263,assets/uploads/vouchers/263/Invoice_INV-2026-0036_20260316120519_b9829b.pdf,Invoice_INV-2026-0036.pdf
voucher_attachments,441,264,assets/uploads/vouchers/264/WhatsApp_Image_2026-03-16_at_02_00_40_20260316121230_429e0b.jpeg,"WhatsApp Image 2026-03-16 at 02.00.40.jpeg"
voucher_attachments,443,265,assets/uploads/vouchers/265/WhatsApp_Image_2026-03-16_at_02_00_40_1__20260316122814_0bf1c0.jpeg,"WhatsApp Image 2026-03-16 at 02.00.40 (1).jpeg"
voucher_attachments,444,266,assets/uploads/vouchers/266/Invoice_INV-2026-0038_20260316150652_4cbcbd.pdf,Invoice_INV-2026-0038.pdf
voucher_attachments,447,266,assets/uploads/vouchers/266/RAPHAEL_PROFIT_ANALYSIS_20260316160340_617f80.pdf,"RAPHAEL PROFIT ANALYSIS.pdf"
voucher_attachments,445,267,assets/uploads/vouchers/267/Invoice_INV-2026-0038_20260316151204_1242c7.pdf,Invoice_INV-2026-0038.pdf
voucher_attachments,446,267,assets/uploads/vouchers/267/Ultimate_General-Gumboots_20260316151204_fbb1a4.pdf,"Ultimate General-Gumboots.pdf"
voucher_attachments,448,268,assets/uploads/vouchers/268/Order_SO-2026-00121_20260316172606_e0c8f3.pdf,Order_SO-2026-00121.pdf
voucher_attachments,449,270,assets/uploads/vouchers/270/Bank_details_silent_ocean_20260317101252_2e5abc.jpg,"Bank details silent ocean.jpg"
voucher_attachments,450,270,assets/uploads/vouchers/270/Invoice_Number_Y26012819_20260317101252_75e8fd.pdf,Invoice_Number_Y26012819.pdf
voucher_attachments,451,270,assets/uploads/vouchers/270/OPAINV26030068403_20260317101252_76954d.jpg,OPAINV26030068403.jpg
voucher_attachments,452,271,assets/uploads/vouchers/271/Order_SO-2026-00110_1__20260317104227_561d93.pdf,"Order_SO-2026-00110 (1).pdf"
voucher_attachments,453,271,assets/uploads/vouchers/271/Quote_-_2824_-_Ultimate_General_Trading_20260317104227_fc5f8a.pdf,"Quote - 2824 - Ultimate General Trading.pdf"
voucher_attachments,454,272,assets/uploads/vouchers/272/SO-60124_20260317123815_66b2ca.pdf,SO-60124.pdf
voucher_attachments,456,272,assets/uploads/vouchers/272/Order_SO-2026-00131_1__20260317124302_6399e1.pdf,"Order_SO-2026-00131 (1).pdf"
voucher_attachments,457,273,assets/uploads/vouchers/273/Invoice_INV-2026-0040_20260318083238_419bf0.pdf,Invoice_INV-2026-0040.pdf
voucher_attachments,463,273,assets/uploads/vouchers/273/RL_PROFIT_ANALYSIS_20260318121011_c3e41c.pdf,"RL.PROFIT ANALYSIS.pdf"
voucher_attachments,458,274,assets/uploads/vouchers/274/ULTIAMTE_GENERAL-RAINCOAT_20260318114156_414116.pdf,"ULTIAMTE GENERAL-RAINCOAT.pdf"
voucher_attachments,459,274,assets/uploads/vouchers/274/Order_SO-2026-00125_2__20260318114156_c6bca2.pdf,"Order_SO-2026-00125 (2).pdf"
voucher_attachments,460,275,assets/uploads/vouchers/275/Ultimate_General-Safetyboot_20260318115708_883b97.pdf,"Ultimate General-Safetyboot.pdf"
voucher_attachments,461,276,assets/uploads/vouchers/276/HESU_INVESTMENT_Drivers_Order_SO-2026-00073_2__20260227140309_6b868c_20260303162255_0e8053_20260318115708_249fc5.pdf,HESU_INVESTMENT_Drivers_Order_SO-2026-00073_2__20260227140309_6b868c_20260303162255_0e8053.pdf
voucher_attachments,462,276,assets/uploads/vouchers/276/Safety_and_Security_SO-59933_20260227140309_8dfc8b_20260303162255_515f22_20260318115708_1d9560.pdf,Safety_and_Security_SO-59933_20260227140309_8dfc8b_20260303162255_515f22.pdf
voucher_attachments,464,277,assets/uploads/vouchers/277/Invoice_INV-2026-0031_20260318134718_a93d58.pdf,Invoice_INV-2026-0031.pdf
voucher_attachments,465,277,assets/uploads/vouchers/277/NITRO_P_ANALYSIS_20260318140251_61f811.pdf,"NITRO P.ANALYSIS.pdf"
voucher_attachments,466,278,assets/uploads/vouchers/278/ULTIMATE_GENERAL_TRADING_Ltd_Invoice_SISU_20260318155003_57b35b.pdf,"ULTIMATE GENERAL TRADING Ltd_Invoice SISU.pdf"
voucher_attachments,469,280,assets/uploads/vouchers/280/Order_SO-2026-00114_1__20260319143414_38452f.pdf,"Order_SO-2026-00114 (1).pdf"
voucher_attachments,470,280,assets/uploads/vouchers/280/ULTIMATE_PO_-_1745_20260319143414_02d86b.pdf,"ULTIMATE PO - 1745.pdf"
voucher_attachments,471,280,assets/uploads/vouchers/280/CamScanner_06-03-2026_15_47_20260319143414_f205b5.pdf,"CamScanner 06-03-2026 15.47.pdf"
voucher_attachments,472,281,assets/uploads/vouchers/281/Ultimate_19-03-2026_1_2__20260320092617_e64ae9.pdf,"Ultimate 19-03-2026 (1) (2).pdf"
voucher_attachments,473,281,assets/uploads/vouchers/281/Order_SO-2026-00134_20260320092617_31e8d1.pdf,Order_SO-2026-00134.pdf
voucher_attachments,474,282,assets/uploads/vouchers/282/48ed4017-88b8-4ae2-a453-8710ee167ca5_20260320100120_0c1e30.pdf,48ed4017-88b8-4ae2-a453-8710ee167ca5.pdf
voucher_attachments,475,282,assets/uploads/vouchers/282/Invoice_INV-2026-0042_20260320100120_dde376.pdf,Invoice_INV-2026-0042.pdf
voucher_attachments,476,283,assets/uploads/vouchers/283/Order_SO-2026-00133_1__20260320102127_39f689.pdf,"Order_SO-2026-00133 (1).pdf"
voucher_attachments,477,283,assets/uploads/vouchers/283/SO-60166_1__20260320102127_6b7de4.pdf,"SO-60166 (1).pdf"
voucher_attachments,478,284,assets/uploads/vouchers/284/EID_STAFF_PURCHASES_20260320103657_77ea16.pdf,"EID STAFF PURCHASES.pdf"
voucher_attachments,481,284,assets/uploads/vouchers/284/Staff_Welfare_-_Eid_al_Fitr_20260320140228_bdea6f.pdf,"Staff Welfare - Eid al Fitr.pdf"
voucher_attachments,479,285,assets/uploads/vouchers/285/PPE_Proformal_Invoice-ULTIMATE_GENERAL_TRADING-157_20260320111124_ac0f13.pdf,"PPE Proformal Invoice-ULTIMATE GENERAL TRADING-157.pdf"
voucher_attachments,480,285,assets/uploads/vouchers/285/Order_SO-2026-00133_1__20260320111124_2ccf3b.pdf,"Order_SO-2026-00133 (1).pdf"
voucher_attachments,482,286,assets/uploads/vouchers/286/Invoice_INV-2026-0043_20260320165252_3a2a18.pdf,Invoice_INV-2026-0043.pdf
voucher_attachments,483,286,assets/uploads/vouchers/286/R_L_PROFIT_ANALYSIS_20260320175254_736cb8.pdf,"R.L PROFIT ANALYSIS.pdf"
voucher_attachments,484,287,assets/uploads/vouchers/287/DOC-20260304-WA0019_1__20260323124620_e82ace.pdf,"DOC-20260304-WA0019. (1).pdf"
voucher_attachments,485,287,assets/uploads/vouchers/287/Ultimate_General-Winter_jacket_1__20260323124620_631b65.pdf,"Ultimate General-Winter jacket (1).pdf"
voucher_attachments,486,288,assets/uploads/vouchers/288/48ed4017-88b8-4ae2-a453-8710ee167ca5-2_1__20260323125141_7444ad.pdf,"48ed4017-88b8-4ae2-a453-8710ee167ca5-2 (1).pdf"
voucher_attachments,487,288,assets/uploads/vouchers/288/DOC-20260304-WA0019__20260323125141_2916cf.pdf,DOC-20260304-WA0019..pdf
voucher_attachments,488,289,assets/uploads/vouchers/289/202600184_ultimate_20260323125506_6be4fd.pdf,"202600184 ultimate.pdf"
voucher_attachments,489,289,assets/uploads/vouchers/289/DOC-20260304-WA0019__20260323125506_dcc52e.pdf,DOC-20260304-WA0019..pdf
voucher_attachments,490,290,assets/uploads/vouchers/290/Ultimategtradingf02303026_20260323131347_e6d904.pdf,Ultimategtradingf02303026.pdf
voucher_attachments,491,290,assets/uploads/vouchers/290/DOC-20260304-WA0019__20260323131347_77f33f.pdf,DOC-20260304-WA0019..pdf
voucher_attachments,492,291,assets/uploads/vouchers/291/JSD_BANK_DETAILS_20260323143708_4f098e.jpg,"JSD BANK DETAILS.jpg"
voucher_attachments,493,291,assets/uploads/vouchers/291/No_JSD2026030979914_20260323143708_831c91.jpg,"No JSD2026030979914.jpg"
voucher_attachments,494,291,assets/uploads/vouchers/291/Order_SO-2026-00092_-_Copy_20260323143708_f290d3.pdf,"Order_SO-2026-00092 - Copy.pdf"
voucher_attachments,495,291,assets/uploads/vouchers/291/Inv_No_20260302006_-_Copy_20260323143708_b529e1.pdf,"Inv No  20260302006 - Copy.pdf"
voucher_attachments,496,292,assets/uploads/vouchers/292/RC-1802_PROFORMA_INVOICE_ULTIMATE_GENERAL_20260323175418_46e99c.pdf,"RC-1802 PROFORMA INVOICE ULTIMATE GENERAL.pdf"
voucher_attachments,497,292,assets/uploads/vouchers/292/Order_SO-2026-00136_1__20260323175418_34d3de.pdf,"Order_SO-2026-00136 (1).pdf"
voucher_attachments,498,293,assets/uploads/vouchers/293/Ultimate02403026_20260324091310_fb415d.pdf,Ultimate02403026.pdf
voucher_attachments,499,293,assets/uploads/vouchers/293/DOC-20260304-WA0019__20260324091310_719ecf.pdf,DOC-20260304-WA0019..pdf
voucher_attachments,500,294,assets/uploads/vouchers/294/Order_SO-2026-00127_1__20260324104748_104175.pdf,"Order_SO-2026-00127 (1).pdf"
voucher_attachments,501,295,assets/uploads/vouchers/295/SO-60176_20260324110017_415a1d.pdf,SO-60176.pdf
voucher_attachments,502,295,assets/uploads/vouchers/295/Order_SO-2026-00127_1__20260324110017_e62197.pdf,"Order_SO-2026-00127 (1).pdf"
voucher_attachments,503,296,assets/uploads/vouchers/296/268-Order_SO-2026-00073_2__20260228134304_365112_20260309124616_c0b336_20260324112608_e4bcd4.pdf,268-Order_SO-2026-00073_2__20260228134304_365112_20260309124616_c0b336.pdf
voucher_attachments,504,297,assets/uploads/vouchers/297/INV-000119_1__20260324142640_2aa76c.pdf,"INV-000119 (1).pdf"
voucher_attachments,505,297,assets/uploads/vouchers/297/Order_SO-2026-00125_3__20260324142640_c84c3a.pdf,"Order_SO-2026-00125 (3).pdf"
voucher_attachments,506,298,assets/uploads/vouchers/298/IMG_20260325_074019_104_20260325093853_873107.jpg,IMG_20260325_074019_104.jpg
voucher_attachments,507,299,assets/uploads/vouchers/299/IMG_20260325_100253_880_20260325101842_74367e.jpg,IMG_20260325_100253_880.jpg
voucher_attachments,509,300,assets/uploads/vouchers/300/Order_SO-2026-00142_1__20260325113235_a83819.pdf,"Order_SO-2026-00142 (1).pdf"
voucher_attachments,510,300,assets/uploads/vouchers/300/ULTIMATE_GENERAL_PRO-FORMA_20260325115628_85da92.pdf,"ULTIMATE GENERAL PRO-FORMA.pdf"
voucher_attachments,511,301,assets/uploads/vouchers/301/Ultimate02403026_20260325200147_b65842.pdf,Ultimate02403026.pdf
voucher_attachments,512,301,assets/uploads/vouchers/301/DOC-20260304-WA0019__20260325200147_ccabe2.pdf,DOC-20260304-WA0019..pdf
voucher_attachments,528,301,assets/uploads/vouchers/301/ULTIMATE_GENERAL_PRO-FORMA_20260326140649_ac56c6.pdf,"ULTIMATE GENERAL PRO-FORMA.pdf"
voucher_attachments,513,302,assets/uploads/vouchers/302/202600193_ultimate_20260325200830_703a03.pdf,"202600193 ultimate.pdf"
voucher_attachments,514,302,assets/uploads/vouchers/302/Order_SO-2026-00141_20260325200830_42bfc0.pdf,Order_SO-2026-00141.pdf
voucher_attachments,515,303,assets/uploads/vouchers/303/ULTIMATE_GENERAL_PRO-FORMA_20260326095852_508df4.pdf,"ULTIMATE GENERAL PRO-FORMA.pdf"
voucher_attachments,516,303,assets/uploads/vouchers/303/Order_SO-2026-00089_20260326095852_da63aa.pdf,Order_SO-2026-00089.pdf
voucher_attachments,519,305,assets/uploads/vouchers/305/Order_SO-2026-00089_20260326100524_e303bf.pdf,Order_SO-2026-00089.pdf
voucher_attachments,520,305,assets/uploads/vouchers/305/202600197_ultimate_20260326100524_d04fcd.pdf,"202600197 ultimate.pdf"
voucher_attachments,521,306,assets/uploads/vouchers/306/Bank_details_silent_ocean_20260326102007_51e676.jpg,"Bank details silent ocean.jpg"
voucher_attachments,522,306,assets/uploads/vouchers/306/Invoice_Number_Y26012819_20260326102007_028991.pdf,Invoice_Number_Y26012819.pdf
voucher_attachments,523,306,assets/uploads/vouchers/306/OPAINV26030075574_20260326102007_d71976.jpg,OPAINV26030075574.jpg
voucher_attachments,524,307,assets/uploads/vouchers/307/INV-000122_20260326123758_a73f58.pdf,INV-000122.pdf
voucher_attachments,525,307,assets/uploads/vouchers/307/Order_SO-2026-00089_20260326123758_f780a0.pdf,Order_SO-2026-00089.pdf
voucher_attachments,526,308,assets/uploads/vouchers/308/Ultimate_General-T-shirts_20260326135631_dc97b6.pdf,"Ultimate General-T-shirts.pdf"
voucher_attachments,527,308,assets/uploads/vouchers/308/Order_SO-2026-00127_1__20260326135631_1e394d.pdf,"Order_SO-2026-00127 (1).pdf"
voucher_attachments,529,309,assets/uploads/vouchers/309/INV-000120_1__20260326164239_77e034.pdf,"INV-000120 (1).pdf"
voucher_attachments,530,309,assets/uploads/vouchers/309/DOC-20260304-WA0019__20260326164239_777479.pdf,DOC-20260304-WA0019..pdf
voucher_attachments,531,310,assets/uploads/vouchers/310/Order_SO-2026-00092_20260327171725_de1193.pdf,Order_SO-2026-00092.pdf
voucher_attachments,532,310,assets/uploads/vouchers/310/INV-000123_1__20260327171725_b4a5fd.pdf,"INV-000123 (1).pdf"
voucher_attachments,533,311,assets/uploads/vouchers/311/INV-000125_20260327172804_3f3039.pdf,INV-000125.pdf
voucher_attachments,534,311,assets/uploads/vouchers/311/Order_SO-2026-00127_1__20260327172804_4ea202.pdf,"Order_SO-2026-00127 (1).pdf"
voucher_attachments,537,315,assets/uploads/vouchers/315/LMFPI20260328-USD_20260330065003_7c1b82.pdf,LMFPI20260328-USD.pdf
voucher_attachments,538,315,assets/uploads/vouchers/315/Order_SO-2026-00024_20260330065004_105e53.pdf,Order_SO-2026-00024.pdf
voucher_attachments,539,315,assets/uploads/vouchers/315/TZ40007734_20260330065004_284e28.pdf,TZ40007734.pdf
voucher_attachments,540,316,assets/uploads/vouchers/316/Invoice_VITO20260203_20260204132809_b3bab7_20260330113601_828077.pdf,Invoice_VITO20260203_20260204132809_b3bab7.pdf
voucher_attachments,541,317,assets/uploads/vouchers/317/Order_SO-2026-00054_20260330114735_e0efa8.pdf,Order_SO-2026-00054.pdf
voucher_attachments,542,317,assets/uploads/vouchers/317/Ultimate_General-Safetyglass_20260330114735_5edb63.pdf,"Ultimate General-Safetyglass.pdf"
voucher_attachments,543,318,assets/uploads/vouchers/318/Invoice_INV-2026-0054_20260330145148_49bb49.pdf,Invoice_INV-2026-0054.pdf
voucher_attachments,544,319,assets/uploads/vouchers/319/Order_SO-2026-00044_3__20260223124730_f715eb_20260331085240_eae3d0.pdf,Order_SO-2026-00044_3__20260223124730_f715eb.pdf
voucher_attachments,545,319,assets/uploads/vouchers/319/Order_SO-2026-00046_2__20260223124730_6ccbd2_20260331085240_bc341d.pdf,Order_SO-2026-00046_2__20260223124730_6ccbd2.pdf
voucher_attachments,546,319,assets/uploads/vouchers/319/PPE_Proformal_Invoice-_ULTIMATE_TRADING_COMPANY-154_20260331085240_b3bdcf.pdf,"PPE Proformal Invoice- ULTIMATE TRADING COMPANY-154.pdf"
voucher_attachments,547,320,assets/uploads/vouchers/320/SO-60281_2__20260331100836_b900e6.pdf,"SO-60281 (2).pdf"
voucher_attachments,548,320,assets/uploads/vouchers/320/Order_SO-2026-00147_1__20260331100836_7efe55.pdf,"Order_SO-2026-00147 (1).pdf"
voucher_attachments,549,321,assets/uploads/vouchers/321/invoice_numberY26020619_20260331102851_67c609.pdf,"invoice numberY26020619.pdf"
voucher_attachments,550,322,assets/uploads/vouchers/322/INV-000483_20260331111213_5c8b7d.pdf,INV-000483.pdf
voucher_attachments,551,323,assets/uploads/vouchers/323/ilovepdf_merged_2__20260331122008_6b9270.pdf,"ilovepdf_merged (2).pdf"
voucher_attachments,555,326,assets/uploads/vouchers/326/Ultimate_31-03-2026_20260331130329_ca8dc3.pdf,"Ultimate 31-03-2026.pdf"
voucher_attachments,556,326,assets/uploads/vouchers/326/Order_SO-2026-00150_1__20260331130329_51b1e5.pdf,"Order_SO-2026-00150 (1).pdf"
voucher_attachments,557,327,assets/uploads/vouchers/327/Order_SO-2026-00150_1__20260331131048_fb26e5.pdf,"Order_SO-2026-00150 (1).pdf"
voucher_attachments,558,328,assets/uploads/vouchers/328/ULTIMATE_GENERAL_TRADING_COMPANY_PRO-FORMA_2__20260331141417_aa8bbd.pdf,"ULTIMATE GENERAL TRADING COMPANY PRO-FORMA (2).pdf"
voucher_attachments,559,328,assets/uploads/vouchers/328/Order_SO-2026-00150_1__20260331141417_28fc70.pdf,"Order_SO-2026-00150 (1).pdf"
voucher_attachments,560,329,assets/uploads/vouchers/329/PROFORMA_INVOICE_ULTIMATE_GENERAL_3427_1_-1-2_conv_20260331162618_221f4f.pdf,"PROFORMA INVOICE ULTIMATE GENERAL 3427 (1)-1-2 conv.pdf"
voucher_attachments,561,329,assets/uploads/vouchers/329/Order_SO-2026-00150_1__20260331162618_ff8e20.pdf,"Order_SO-2026-00150 (1).pdf"
voucher_attachments,562,330,assets/uploads/vouchers/330/CamScanner_03-31-2026_16_47_20260331170353_45c233.pdf,"CamScanner 03-31-2026 16.47.pdf"
voucher_attachments,563,330,assets/uploads/vouchers/330/Order_SO-2026-00150_1__20260331170353_b6dbc9.pdf,"Order_SO-2026-00150 (1).pdf"
voucher_attachments,564,331,assets/uploads/vouchers/331/Ultimate_General-Reflective_sticker_20260331173446_5792b4.pdf,"Ultimate General-Reflective sticker.pdf"
voucher_attachments,565,331,assets/uploads/vouchers/331/Order_SO-2026-00150_1__20260331173446_670e60.pdf,"Order_SO-2026-00150 (1).pdf"
voucher_attachments,566,332,assets/uploads/vouchers/332/Order_SO-2026-00086_20260401090642_cf70e3.pdf,Order_SO-2026-00086.pdf
voucher_attachments,567,332,assets/uploads/vouchers/332/INV-000126_1__20260401090642_af33a3.pdf,"INV-000126 (1).pdf"
voucher_attachments,568,333,assets/uploads/vouchers/333/Order_SO-2026-00148_20260402141702_5fe4e6.pdf,Order_SO-2026-00148.pdf
voucher_attachments,569,333,assets/uploads/vouchers/333/202600203_ultimat_20260402141702_8f53db.pdf,"202600203 ultimat.pdf"
voucher_attachments,570,334,assets/uploads/vouchers/334/Ultimate_General-Disposable_gloves_20260408084237_72e391.pdf,"Ultimate General-Disposable gloves.pdf"
voucher_attachments,571,334,assets/uploads/vouchers/334/Order_SO-2026-00157_20260408084237_a7db23.pdf,Order_SO-2026-00157.pdf
voucher_attachments,572,335,assets/uploads/vouchers/335/Order_SO-2026-00156_2__20260408084559_089b1e.pdf,"Order_SO-2026-00156 (2).pdf"
voucher_attachments,573,335,assets/uploads/vouchers/335/Ultimate_General-Full_face_mask_1__20260408084559_4b4e3d.pdf,"Ultimate General-Full face mask (1).pdf"
voucher_attachments,574,336,assets/uploads/vouchers/336/RC-1811_PROFORMA_INVOICE_ULTIMATE_20260408110720_a89340.pdf,"RC-1811 PROFORMA INVOICE ULTIMATE.pdf"
voucher_attachments,575,336,assets/uploads/vouchers/336/Order_SO-2026-00150_1__20260408110720_487f07.pdf,"Order_SO-2026-00150 (1).pdf"
voucher_attachments,576,337,assets/uploads/vouchers/337/Order_SO-2026-00150_1__20260408111322_44f5a3.pdf,"Order_SO-2026-00150 (1).pdf"
voucher_attachments,581,337,assets/uploads/vouchers/337/MAPINGA_PROFIT_ANALYSIS_6M_20260408155615_ad761c.pdf,"MAPINGA PROFIT ANALYSIS 6M.pdf"
voucher_attachments,578,339,assets/uploads/vouchers/339/Accounts_Details_OETL_NBC_20260218093952_d6f86e_20260408121603_4004cf.pdf,Accounts_Details_OETL_NBC_20260218093952_d6f86e.pdf
voucher_attachments,579,340,assets/uploads/vouchers/340/Order_SO-2026-00162_20260408152103_069f41.pdf,Order_SO-2026-00162.pdf
voucher_attachments,580,340,assets/uploads/vouchers/340/SO-60348_3__20260408152103_e42466.pdf,"SO-60348 (3).pdf"
voucher_attachments,582,341,assets/uploads/vouchers/341/512527263ultimate_20260409092616_039aa6.pdf,512527263ultimate.pdf
voucher_attachments,583,341,assets/uploads/vouchers/341/Bank_details_silent_ocean_20260409092616_149024.jpg,"Bank details silent ocean.jpg"
voucher_attachments,584,342,assets/uploads/vouchers/342/Order_SO-2026-00089_20260409093851_a032f1.pdf,Order_SO-2026-00089.pdf
voucher_attachments,585,342,assets/uploads/vouchers/342/SO-60344_20260409093851_53c8fc.pdf,SO-60344.pdf
voucher_attachments,586,343,assets/uploads/vouchers/343/SO-60345_20260409095211_a93ac2.pdf,SO-60345.pdf
voucher_attachments,587,343,assets/uploads/vouchers/343/Order_SO-2026-00086_20260409095211_a0b001.pdf,Order_SO-2026-00086.pdf
voucher_attachments,588,344,assets/uploads/vouchers/344/Order_SO-2026-00159_2__20260409104025_a9f974.pdf,"Order_SO-2026-00159 (2).pdf"
voucher_attachments,589,344,assets/uploads/vouchers/344/Ultimate-bam_cap_Inv_20260409104025_d46274.pdf,"Ultimate-bam cap Inv.pdf"
voucher_attachments,590,345,assets/uploads/vouchers/345/Order_SO-2026-00104_1__20260410085809_017514.pdf,"Order_SO-2026-00104 (1).pdf"
voucher_attachments,591,345,assets/uploads/vouchers/345/WhatsApp_Image_2026-04-10_at_08_48_00_20260410085809_e1f552.jpeg,"WhatsApp Image 2026-04-10 at 08.48.00.jpeg"
voucher_attachments,594,347,assets/uploads/vouchers/347/Bank_details_silent_ocean_20260413120159_8d5e6b.jpg,"Bank details silent ocean.jpg"
voucher_attachments,595,347,assets/uploads/vouchers/347/OPAINV26040087075_20260413120159_3305b7.pdf,OPAINV26040087075.pdf
voucher_attachments,598,349,assets/uploads/vouchers/349/Invoice_INV-2026-0061_1__20260414095958_7d7b9e.pdf,"Invoice_INV-2026-0061 (1).pdf"
voucher_attachments,613,349,assets/uploads/vouchers/349/STAMICO_PROFIT_ANALYSIS_20260416111158_f0ca9e.pdf,"STAMICO PROFIT ANALYSIS.pdf"
voucher_attachments,599,350,assets/uploads/vouchers/350/INV-000128_20260414101403_44b1d6.pdf,INV-000128.pdf
voucher_attachments,600,350,assets/uploads/vouchers/350/Invoice_INV-2026-0060_20260414101403_58ac62.pdf,Invoice_INV-2026-0060.pdf
voucher_attachments,601,351,assets/uploads/vouchers/351/Order_SO-2026-00159_1_1__20260414102935_5e835b.pdf,"Order_SO-2026-00159 (1) (1).pdf"
voucher_attachments,602,351,assets/uploads/vouchers/351/INV-000129_20260414102935_b6a783.pdf,INV-000129.pdf
voucher_attachments,603,352,assets/uploads/vouchers/352/ULTIMATE_JACKETS_20260415101948_807862.pdf,"ULTIMATE JACKETS.pdf"
voucher_attachments,604,352,assets/uploads/vouchers/352/Order_SO-2026-00173_1__20260415101948_edb75a.pdf,"Order_SO-2026-00173 (1).pdf"
voucher_attachments,605,353,assets/uploads/vouchers/353/Order_SO-2026-00180_20260415110409_00e08a.pdf,Order_SO-2026-00180.pdf
voucher_attachments,606,353,assets/uploads/vouchers/353/Ultimatetrading01504026_20260415110409_7475fb.pdf,Ultimatetrading01504026.pdf
voucher_attachments,607,354,assets/uploads/vouchers/354/CamScanner_15-04-2026_09_45_20260415111119_49b419.pdf,"CamScanner 15-04-2026 09.45.pdf"
voucher_attachments,608,354,assets/uploads/vouchers/354/Order_SO-2026-00180_20260415111119_20a5bb.pdf,Order_SO-2026-00180.pdf
voucher_attachments,609,355,assets/uploads/vouchers/355/SO-60456_20260416090334_5c1c06.pdf,SO-60456.pdf
voucher_attachments,610,355,assets/uploads/vouchers/355/Order_SO-2026-00180_20260416090334_9082aa.pdf,Order_SO-2026-00180.pdf
voucher_attachments,611,356,assets/uploads/vouchers/356/Order_SO-2026-00169_20260416094211_dc67ec.pdf,Order_SO-2026-00169.pdf
voucher_attachments,612,356,assets/uploads/vouchers/356/SO-60462_20260416094211_2236be.pdf,SO-60462.pdf
voucher_attachments,614,357,assets/uploads/vouchers/357/Order_SO-2026-00167_3__20260416174544_88f150.pdf,"Order_SO-2026-00167 (3).pdf"
voucher_attachments,615,357,assets/uploads/vouchers/357/SO-60480_20260416174544_1541ea.pdf,SO-60480.pdf
voucher_attachments,616,358,assets/uploads/vouchers/358/Quote_-_2894_-_Ultimate_General_Trading_20260416175149_bc9baa.pdf,"Quote - 2894 - Ultimate General Trading.pdf"
voucher_attachments,617,358,assets/uploads/vouchers/358/Order_SO-2026-00167_3__20260416175149_704112.pdf,"Order_SO-2026-00167 (3).pdf"
voucher_attachments,618,359,assets/uploads/vouchers/359/4aa79b2b-af2c-4db4-99b7-e8e45dbe47fe_20260417075922_6371f1.pdf,4aa79b2b-af2c-4db4-99b7-e8e45dbe47fe.pdf
voucher_attachments,619,359,assets/uploads/vouchers/359/Order_SO-2026-00177_20260417075922_5bd008.pdf,Order_SO-2026-00177.pdf
voucher_attachments,620,360,assets/uploads/vouchers/360/RC-1829_PROFORMA_INVOICE_ULTIMATE_1__20260417081644_2d88b5.pdf,"RC-1829 PROFORMA INVOICE ULTIMATE (1).pdf"
voucher_attachments,621,360,assets/uploads/vouchers/360/Order_SO-2026-00167_3__20260417081644_6ced71.pdf,"Order_SO-2026-00167 (3).pdf"
voucher_attachments,622,361,assets/uploads/vouchers/361/Ultimate_General-Nitrile_glove_1__20260417083524_3afec0.pdf,"Ultimate General-Nitrile glove (1).pdf"
voucher_attachments,623,361,assets/uploads/vouchers/361/Order_SO-2026-00157_20260417083524_854546.pdf,Order_SO-2026-00157.pdf
voucher_attachments,624,362,assets/uploads/vouchers/362/Order_SO-2026-00177_20260417090507_bbe8c3.pdf,Order_SO-2026-00177.pdf
voucher_attachments,625,362,assets/uploads/vouchers/362/SO-60482_20260417090507_8a1396.pdf,SO-60482.pdf
voucher_attachments,626,363,assets/uploads/vouchers/363/SO-60481_1__20260417091408_346f43.pdf,"SO-60481 (1).pdf"
voucher_attachments,627,363,assets/uploads/vouchers/363/Order_SO-2026-00178_20260417091408_73b6eb.pdf,Order_SO-2026-00178.pdf
voucher_attachments,629,365,assets/uploads/vouchers/365/Order_SO-2026-00177_20260417101353_d2bd69.pdf,Order_SO-2026-00177.pdf
voucher_attachments,635,365,assets/uploads/vouchers/365/heco_analysis_20260417163759_d36004.pdf,"heco analysis.pdf"
voucher_attachments,630,366,assets/uploads/vouchers/366/Order_SO-2026-00178_20260417121822_d3fc48.pdf,Order_SO-2026-00178.pdf
voucher_attachments,636,366,assets/uploads/vouchers/366/MAPINGA_PROFIT_ANA_20260417164005_2c24ee.pdf,"MAPINGA PROFIT ANA.pdf"
voucher_attachments,633,368,assets/uploads/vouchers/368/CamScanner_04-17-2026_15_47_20260417155648_d4d5d6.pdf,"CamScanner 04-17-2026 15.47.pdf"
voucher_attachments,634,368,assets/uploads/vouchers/368/Order_SO-2026-00177_1__20260417155648_dcd9e7.pdf,"Order_SO-2026-00177 (1).pdf"
voucher_attachments,637,371,assets/uploads/vouchers/371/Order_SO-2026-00172_3__20260420081046_f6c8f8.pdf,"Order_SO-2026-00172 (3).pdf"
voucher_attachments,643,371,assets/uploads/vouchers/371/HECO_ANALYSIS_2_20260420120410_9b8d97.pdf,"HECO ANALYSIS 2.pdf"
voucher_attachments,638,372,assets/uploads/vouchers/372/a99a0a08-ecd2-4cbf-9814-0018538c32fb_20260420084232_140631.pdf,a99a0a08-ecd2-4cbf-9814-0018538c32fb.pdf
voucher_attachments,639,372,assets/uploads/vouchers/372/Order_SO-2026-00172_3__20260420084232_edaa19.pdf,"Order_SO-2026-00172 (3).pdf"
voucher_attachments,640,373,assets/uploads/vouchers/373/Order_SO-2026-00180_20260420084613_fa872c.pdf,Order_SO-2026-00180.pdf
voucher_attachments,642,373,assets/uploads/vouchers/373/STAMICO_ANALYSIS_20260420120228_64df0d.pdf,"STAMICO ANALYSIS.pdf"
voucher_attachments,641,374,assets/uploads/vouchers/374/Order_SO-2026-00100_3__20260420090819_46ea27.pdf,"Order_SO-2026-00100 (3).pdf"
voucher_attachments,644,375,assets/uploads/vouchers/375/WhatsApp_Image_2026-04-20_at_9_10_42_AM_20260420120730_3a3381.jpeg,"WhatsApp Image 2026-04-20 at 9.10.42 AM.jpeg"
voucher_attachments,645,375,assets/uploads/vouchers/375/Order_SO-2026-00100_3__20260420120730_c25a9a.pdf,"Order_SO-2026-00100 (3).pdf"
voucher_attachments,646,376,assets/uploads/vouchers/376/Order_SO-2026-00155_1__20260421100323_ab18ba.pdf,"Order_SO-2026-00155 (1).pdf"
voucher_attachments,647,376,assets/uploads/vouchers/376/Ultimate_General-Full_face_mask_2_20260421100323_8890e8.pdf,"Ultimate General-Full face mask 2.pdf"
voucher_attachments,648,377,assets/uploads/vouchers/377/Order_SO-2026-00182_1_2__20260421101036_54942e.pdf,"Order_SO-2026-00182 (1) (2).pdf"
voucher_attachments,659,377,assets/uploads/vouchers/377/HECO_PROFIT_20260421132012_d5e49e.pdf,"HECO PROFIT.pdf"
voucher_attachments,649,378,assets/uploads/vouchers/378/INV-000130_20260421113916_91360a.pdf,INV-000130.pdf
voucher_attachments,650,378,assets/uploads/vouchers/378/Order_SO-2026-00180_20260421113916_c7f2d9.pdf,Order_SO-2026-00180.pdf
voucher_attachments,651,379,assets/uploads/vouchers/379/ULTIMATEE_GENERAL_TRADING_COMPANY_PRO-FORMA_INVOICE_2__20260421125807_0e19c2.pdf,"ULTIMATEE GENERAL TRADING COMPANY PRO-FORMA INVOICE (2).pdf"
voucher_attachments,652,379,assets/uploads/vouchers/379/Order_SO-2026-00184_1__20260421125807_416ced.pdf,"Order_SO-2026-00184 (1).pdf"
voucher_attachments,653,380,assets/uploads/vouchers/380/SO-60540_2__20260421130523_dbf4d7.pdf,"SO-60540 (2).pdf"
voucher_attachments,654,380,assets/uploads/vouchers/380/Order_SO-2026-00184_1__20260421130523_20a076.pdf,"Order_SO-2026-00184 (1).pdf"
voucher_attachments,657,381,assets/uploads/vouchers/381/WhatsApp_Image_2026-04-21_at_13_00_10_20260421131839_91647c.jpeg,"WhatsApp Image 2026-04-21 at 13.00.10.jpeg"
voucher_attachments,658,381,assets/uploads/vouchers/381/Order_SO-2026-00119_20260421131839_9db3a7.pdf,Order_SO-2026-00119.pdf
voucher_attachments,660,382,assets/uploads/vouchers/382/WhatsApp_Image_2026-04-21_at_14_41_20_20260421144834_496132.jpeg,"WhatsApp Image 2026-04-21 at 14.41.20.jpeg"
voucher_attachments,661,382,assets/uploads/vouchers/382/Order_SO-2026-00119_20260421144835_d7d5f3.pdf,Order_SO-2026-00119.pdf
voucher_attachments,662,383,assets/uploads/vouchers/383/Order_SO-2026-00173_2__20260421144940_5df00f.pdf,"Order_SO-2026-00173 (2).pdf"
voucher_attachments,663,383,assets/uploads/vouchers/383/Order_SO-2026-00185_2__20260421144940_52f541.pdf,"Order_SO-2026-00185 (2).pdf"
voucher_attachments,666,383,assets/uploads/vouchers/383/Order_SO-2026-00173_2__20260421151806_cacfae.pdf,"Order_SO-2026-00173 (2).pdf"
voucher_attachments,667,383,assets/uploads/vouchers/383/Order_SO-2026-00185_2__20260421151806_9fba61.pdf,"Order_SO-2026-00185 (2).pdf"
voucher_attachments,668,383,assets/uploads/vouchers/383/INV-000132_20260421151806_10a32d.pdf,INV-000132.pdf
voucher_attachments,664,384,assets/uploads/vouchers/384/WhatsApp_Image_2026-04-21_at_14_42_19_20260421145902_dddd24.jpeg,"WhatsApp Image 2026-04-21 at 14.42.19.jpeg"
voucher_attachments,665,384,assets/uploads/vouchers/384/Order_SO-2026-00182_1_1__20260421145902_38433c.pdf,"Order_SO-2026-00182 (1) (1).pdf"
voucher_attachments,669,385,assets/uploads/vouchers/385/IMG_20260422_093230_384_20260422095822_c3a1b7.jpg,IMG_20260422_093230_384.jpg
voucher_attachments,670,386,assets/uploads/vouchers/386/Order_SO-2026-00086_1__20260422112938_562d86.pdf,"Order_SO-2026-00086 (1).pdf"
voucher_attachments,671,387,assets/uploads/vouchers/387/ULTIMATE_GENERAL_TRADING_Ltd_Invoice_SISU_2_20260422114854_5bc06a.pdf,"ULTIMATE GENERAL TRADING Ltd_Invoice SISU 2.pdf"
voucher_attachments,672,388,assets/uploads/vouchers/388/Order_SO-2026-00183_1__20260423082232_9dc69c.pdf,"Order_SO-2026-00183 (1).pdf"
voucher_attachments,673,389,assets/uploads/vouchers/389/DIANA_AND_IRENE_S_NJOMBE_EXHIBITION_BUDGET_20260423090634_c28246.pdf,"DIANA AND IRENE'S NJOMBE EXHIBITION BUDGET.pdf"
voucher_attachments,674,390,assets/uploads/vouchers/390/SO-60578_20260423094656_133156.pdf,SO-60578.pdf
voucher_attachments,675,390,assets/uploads/vouchers/390/Order_SO-2026-00187_1_1__20260423094656_2cc3d9.pdf,"Order_SO-2026-00187 (1) (1).pdf"
voucher_attachments,676,391,assets/uploads/vouchers/391/ULTIMATE_GENERAL_TRADING_COMPANY_PRO-FORMA_20260423105940_ac10f4.pdf,"ULTIMATE GENERAL TRADING COMPANY PRO-FORMA.pdf"
voucher_attachments,677,391,assets/uploads/vouchers/391/Order_SO-2026-00160_1__20260423105940_dc810a.pdf,"Order_SO-2026-00160 (1).pdf"
voucher_attachments,678,393,assets/uploads/vouchers/393/ULTIMATE_GENERAL_TRADING_COMPANY_PRO-FORMA_2__20260423131033_a06309.pdf,"ULTIMATE GENERAL TRADING COMPANY PRO-FORMA (2).pdf"
voucher_attachments,679,393,assets/uploads/vouchers/393/Order_SO-2026-00183_20260423131033_d32c62.pdf,Order_SO-2026-00183.pdf
voucher_attachments,680,394,assets/uploads/vouchers/394/hesu_comission_20260423135706_0b82a8.pdf,"hesu comission.pdf"
voucher_attachments,695,394,assets/uploads/vouchers/394/Invoice_INV-2026-0014_1__20260427121623_b20605.pdf,"Invoice_INV-2026-0014 (1).pdf"
voucher_attachments,696,394,assets/uploads/vouchers/394/Invoice_INV-2026-0026_1__20260427121623_6a5ee7.pdf,"Invoice_INV-2026-0026 (1).pdf"
voucher_attachments,697,394,assets/uploads/vouchers/394/Invoice_INV-2026-0020_1__20260427121623_28636e.pdf,"Invoice_INV-2026-0020 (1).pdf"
voucher_attachments,681,395,assets/uploads/vouchers/395/WhatsApp_Image_2026-04-23_at_14_38_04_20260423144819_291ece.jpeg,"WhatsApp Image 2026-04-23 at 14.38.04.jpeg"
voucher_attachments,682,395,assets/uploads/vouchers/395/LMF20260203_20260423144819_b3c403.pdf,LMF20260203.pdf
voucher_attachments,683,395,assets/uploads/vouchers/395/WhatsApp_Image_2026-04-16_at_16_10_46_20260423144819_80057d.jpeg,"WhatsApp Image 2026-04-16 at 16.10.46.jpeg"
voucher_attachments,684,396,assets/uploads/vouchers/396/Order_SO-2026-00100_3__20260423171939_64a106.pdf,"Order_SO-2026-00100 (3).pdf"
voucher_attachments,685,396,assets/uploads/vouchers/396/PI-_Marse_1__20260423171939_9eb90d.pdf,"PI-????????????Marse (1).pdf"
voucher_attachments,686,397,assets/uploads/vouchers/397/Order_SO-2026-00169_1__20260424102145_c83195.pdf,"Order_SO-2026-00169 (1).pdf"
voucher_attachments,687,397,assets/uploads/vouchers/397/WhatsApp_Image_2026-04-24_at_10_10_40_20260424102145_55c0f1.jpeg,"WhatsApp Image 2026-04-24 at 10.10.40.jpeg"
voucher_attachments,688,398,assets/uploads/vouchers/398/Order_SO-2026-00193_1__20260424150414_318ded.pdf,"Order_SO-2026-00193 (1).pdf"
voucher_attachments,689,398,assets/uploads/vouchers/398/SO-60600_1__20260424150414_6713a6.pdf,"SO-60600 (1).pdf"
voucher_attachments,690,399,assets/uploads/vouchers/399/Ultimate_General-Disposable_gloves_2_20260424180153_36a27c.pdf,"Ultimate General-Disposable gloves 2.pdf"
voucher_attachments,691,399,assets/uploads/vouchers/399/Order_SO-2026-00157_2__20260424180153_7fa8d4.pdf,"Order_SO-2026-00157 (2).pdf"
voucher_attachments,692,400,assets/uploads/vouchers/400/Order_SO-2026-00187_1_1__20260424183739_3efd07.pdf,"Order_SO-2026-00187 (1) (1).pdf"
voucher_attachments,698,400,assets/uploads/vouchers/400/STAMICO_P_ANALYSIS_20260427150228_e44f95.pdf,"STAMICO P ANALYSIS.pdf"
voucher_attachments,693,401,assets/uploads/vouchers/401/LMFPI20260328-USD_1__20260425134759_259046.pdf,"LMFPI20260328-USD (1).pdf"
voucher_attachments,694,401,assets/uploads/vouchers/401/Order_SO-2026-00024_1__20260425134759_fbc370.pdf,"Order_SO-2026-00024 (1).pdf"
voucher_attachments,699,402,assets/uploads/vouchers/402/IMG_20260428_064627_602_2_20260428065549_780b31.jpg,IMG_20260428_064627_602~2.jpg
voucher_attachments,700,403,assets/uploads/vouchers/403/Order_SO-2026-00188_1__20260428090904_63224d.pdf,"Order_SO-2026-00188 (1).pdf"
voucher_attachments,701,403,assets/uploads/vouchers/403/Ultimate_General-Mask_20260428090904_daa091.pdf,"Ultimate General-Mask.pdf"
voucher_attachments,702,404,assets/uploads/vouchers/404/Order_SO-2026-00078_1__20260429083111_e5c198.pdf,"Order_SO-2026-00078 (1).pdf"
voucher_attachments,703,404,assets/uploads/vouchers/404/WhatsApp_Image_2026-04-28_at_14_05_12_20260429083111_5e4f87.jpeg,"WhatsApp Image 2026-04-28 at 14.05.12.jpeg"
voucher_attachments,704,405,assets/uploads/vouchers/405/Order_SO-2026-00186_1__20260429083844_6abf8c.pdf,"Order_SO-2026-00186 (1).pdf"
voucher_attachments,705,405,assets/uploads/vouchers/405/WhatsApp_Image_2026-04-28_at_15_13_39_20260429083844_313f1a.jpeg,"WhatsApp Image 2026-04-28 at 15.13.39.jpeg"
voucher_attachments,706,406,assets/uploads/vouchers/406/SO-60644_20260429091807_63634c.pdf,SO-60644.pdf
voucher_attachments,707,406,assets/uploads/vouchers/406/Order_SO-2026-00182_1_3__20260429091807_2f6d4c.pdf,"Order_SO-2026-00182 (1) (3).pdf"
voucher_attachments,708,406,assets/uploads/vouchers/406/Order_SO-2026-00183_1_1__20260429091807_36caa4.pdf,"Order_SO-2026-00183 (1) (1).pdf"
voucher_attachments,709,407,assets/uploads/vouchers/407/Ultimate_General-Disposable_glove_3_20260429095204_064dc3.pdf,"Ultimate General-Disposable glove 3.pdf"
voucher_attachments,710,407,assets/uploads/vouchers/407/Order_SO-2026-00157_4__20260429095204_8105a1.pdf,"Order_SO-2026-00157 (4).pdf"
voucher_attachments,711,408,assets/uploads/vouchers/408/Invoice_INV-2026-0065_1__20260429103128_affbc7.pdf,"Invoice_INV-2026-0065 (1).pdf"
voucher_attachments,712,408,assets/uploads/vouchers/408/Invoice_INV-2026-0083_20260429103128_608f21.pdf,Invoice_INV-2026-0083.pdf
voucher_attachments,714,408,assets/uploads/vouchers/408/SO-60462_20260416094211_2236be_20260429103128_3823f4.pdf,SO-60462_20260416094211_2236be.pdf
voucher_attachments,715,408,assets/uploads/vouchers/408/SO-60613_20260429105642_9744f4.pdf,SO-60613.pdf
voucher_attachments,716,409,assets/uploads/vouchers/409/Order_SO-2026-00157_4__20260429125913_51bf3d.pdf,"Order_SO-2026-00157 (4).pdf"
voucher_attachments,717,410,assets/uploads/vouchers/410/ULTIMATE_APRIL_29-04-2026_20260429131622_74b64d.pdf,"ULTIMATE APRIL 29-04-2026.pdf"
voucher_attachments,718,410,assets/uploads/vouchers/410/Order_SO-2026-00157_4__20260429131622_e35f33.pdf,"Order_SO-2026-00157 (4).pdf"
voucher_attachments,719,411,assets/uploads/vouchers/411/Payroll_Apr_2026_20260429140916_58090e.xls,Payroll_Apr_2026.xls
voucher_attachments,720,413,assets/uploads/vouchers/413/Order_SO-2026-00204_3__20260504120811_33a134.pdf,"Order_SO-2026-00204 (3).pdf"
voucher_attachments,721,413,assets/uploads/vouchers/413/SO-60671_20260504120811_1a8f90.pdf,SO-60671.pdf
voucher_attachments,722,414,assets/uploads/vouchers/414/Accounts_Details_OETL_NBC_20260218093952_d6f86e_20260408121603_4004cf_20260507100131_711e40.pdf,Accounts_Details_OETL_NBC_20260218093952_d6f86e_20260408121603_4004cf.pdf
voucher_attachments,723,415,assets/uploads/vouchers/415/Order_SO-2026-00204_4__20260507153445_b37fb4.pdf,"Order_SO-2026-00204 (4).pdf"
voucher_attachments,726,415,assets/uploads/vouchers/415/RAPH_INV_LAYOUT_20260507155659_e454e2.pdf,"RAPH INV LAYOUT.pdf"
voucher_attachments,724,416,assets/uploads/vouchers/416/SO-60731_20260507155005_b9aadb.pdf,SO-60731.pdf
voucher_attachments,725,416,assets/uploads/vouchers/416/WORLD_OIL_TERMINAL_1_Order_SO-2026-00210_1_1__20260507155005_5dc996.pdf,"WORLD OIL TERMINAL 1 Order_SO-2026-00210 (1) (1).pdf"
voucher_attachments,727,417,assets/uploads/vouchers/417/Sales_Quote_View-2_20260507155735_4b6216.pdf,"Sales Quote  View-2.pdf"
voucher_attachments,728,417,assets/uploads/vouchers/417/WORLD_OIL_TERMINA_2_Order_SO-2026-00211_1__20260507155735_395a5c.pdf,"WORLD OIL TERMINA 2 Order_SO-2026-00211 (1).pdf"
voucher_attachments,729,418,assets/uploads/vouchers/418/Sales_Quote_View_20260507160339_f127c1.pdf,"Sales Quote  View.pdf"
voucher_attachments,730,418,assets/uploads/vouchers/418/WORLD_OIL_TERMINAL_1_Order_SO-2026-00210_1_1__20260507160339_56098d.pdf,"WORLD OIL TERMINAL 1 Order_SO-2026-00210 (1) (1).pdf"
voucher_attachments,731,419,assets/uploads/vouchers/419/Gloves_Inv__20260507161012_d0330d.pdf,"Gloves Inv..pdf"
voucher_attachments,732,419,assets/uploads/vouchers/419/WORLD_OIL_TERMINA_2_Order_SO-2026-00211_1__20260507161012_fc8ef4.pdf,"WORLD OIL TERMINA 2 Order_SO-2026-00211 (1).pdf"
voucher_attachments,733,419,assets/uploads/vouchers/419/WORLD_OIL_TERMINAL_1_Order_SO-2026-00210_1_1__20260507161012_447a8e.pdf,"WORLD OIL TERMINAL 1 Order_SO-2026-00210 (1) (1).pdf"
voucher_attachments,735,421,assets/uploads/vouchers/421/WORLD_OIL_TERMINAL_1_Order_SO-2026-00210_1_1__20260508092648_1cd6b9.pdf,"WORLD OIL TERMINAL 1 Order_SO-2026-00210 (1) (1).pdf"
voucher_attachments,738,421,assets/uploads/vouchers/421/W_O_P_ANALYSIS_4M_20260508115133_9b7eb2.pdf,"W.O.P.ANALYSIS 4M.pdf"
voucher_attachments,736,422,assets/uploads/vouchers/422/WORLD_OIL_TERMINA_2_Order_SO-2026-00211_1__20260508092811_97c6e3.pdf,"WORLD OIL TERMINA 2 Order_SO-2026-00211 (1).pdf"
voucher_attachments,737,422,assets/uploads/vouchers/422/W_O_P_ANALYSIS_3M_20260508115021_70aa43.pdf,"W.O.P.ANALYSIS 3M.pdf"
voucher_attachments,739,423,assets/uploads/vouchers/423/PaymentReceipt07-05-2026_20260508124222_9f9f28.pdf,PaymentReceipt07-05-2026.pdf
voucher_attachments,740,424,assets/uploads/vouchers/424/Invoice_INV-2026-0081_20260508161209_f899b4.pdf,Invoice_INV-2026-0081.pdf
voucher_attachments,741,424,assets/uploads/vouchers/424/MAPINGA_INV0088_20260508162618_da69fc.pdf,"MAPINGA INV0088.pdf"
voucher_attachments,742,426,assets/uploads/vouchers/426/Order_SO-2026-00219_20260511090651_425ef6.pdf,Order_SO-2026-00219.pdf
voucher_attachments,743,426,assets/uploads/vouchers/426/SO-60763_20260511090651_ce7abb.pdf,SO-60763.pdf
voucher_attachments,744,427,assets/uploads/vouchers/427/INV-000135_1__20260511114608_43fa60.pdf,"INV-000135 (1).pdf"
voucher_attachments,745,427,assets/uploads/vouchers/427/Order_SO-2026-00204_4__20260511114608_dc2db5.pdf,"Order_SO-2026-00204 (4).pdf"
voucher_attachments,746,428,assets/uploads/vouchers/428/COMMISION_ANALYSIS_HESU_20260513120235_6e386e.pdf,"COMMISION ANALYSIS HESU.pdf"
voucher_attachments,747,428,assets/uploads/vouchers/428/Invoice_INV-2026-0013_20260513120235_c1c632.pdf,Invoice_INV-2026-0013.pdf
voucher_attachments,748,429,assets/uploads/vouchers/429/pdf-3_20260513134804_80384f.pdf,pdf-3.pdf
voucher_attachments,749,429,assets/uploads/vouchers/429/Order_SO-2026-00224_1__20260513134804_725e56.pdf,"Order_SO-2026-00224 (1).pdf"
voucher_attachments,750,430,assets/uploads/vouchers/430/CamScanner_13-05-2026_14_43_20260513152146_e95e5f.pdf,"CamScanner 13-05-2026 14.43.pdf"
voucher_attachments,751,430,assets/uploads/vouchers/430/WhatsApp_Image_2026-05-13_at_15_14_48_20260513152146_98c9a2.jpeg,"WhatsApp Image 2026-05-13 at 15.14.48.jpeg"
voucher_attachments,752,430,assets/uploads/vouchers/430/Order_SO-2026-00224_1__20260513152146_82f7b8.pdf,"Order_SO-2026-00224 (1).pdf"
voucher_attachments,753,431,assets/uploads/vouchers/431/Invoice_INV-2026-0093_2__20260514100344_394af9.pdf,"Invoice_INV-2026-0093 (2).pdf"
voucher_attachments,754,431,assets/uploads/vouchers/431/RAJAB_JACKETS_2_1__20260514100344_456fb7.pdf,"RAJAB JACKETS 2 (1).pdf"
voucher_attachments,755,432,assets/uploads/vouchers/432/WhatsApp_Image_2026-05-15_at_9_45_54_AM_20260515094642_343b05.jpeg,"WhatsApp Image 2026-05-15 at 9.45.54 AM.jpeg"
voucher_attachments,756,432,assets/uploads/vouchers/432/pdf-17_20260515094642_b43b17.pdf,pdf-17.pdf
voucher_attachments,757,434,assets/uploads/vouchers/434/Order_SO-2026-00229_20260518104952_924941.pdf,Order_SO-2026-00229.pdf
voucher_attachments,758,435,assets/uploads/vouchers/435/INV-8205-2961-0026_20260518105946_2b03de.pdf,INV-8205-2961-0026.pdf
voucher_attachments,759,436,assets/uploads/vouchers/436/WhatsApp_Image_2026-05-18_at_01_46_18_20260518115745_40ec2e.jpeg,"WhatsApp Image 2026-05-18 at 01.46.18.jpeg"
voucher_attachments,760,437,assets/uploads/vouchers/437/Order_SO-2026-00221_20260518120544_f1a72b.pdf,Order_SO-2026-00221.pdf
swift_document,21,21,assets/uploads/vouchers/21/swift-proof-20251126150224-eab7ea.pdf,"SWIFT / PV/UGC/2025/003"
swift_document,28,28,assets/uploads/vouchers/28/swift-proof-20251204112555-4a1cd7.pdf,"SWIFT / PV/UGC/2025/005"
swift_document,29,29,assets/uploads/vouchers/29/swift-proof-20251126150140-c3b469.pdf,"SWIFT / PV/UGC/2025/006"
swift_document,30,30,assets/uploads/vouchers/30/swift-proof-20251203105415-3942fc.pdf,"SWIFT / PV/UGC/2025/007"
swift_document,32,32,assets/uploads/vouchers/32/swift-proof-20251128135016-0ed30b.pdf,"SWIFT / PV/UGC/2025/008"
swift_document,34,34,assets/uploads/vouchers/34/swift-proof-20251129162556-8806d3.jpeg,"SWIFT / PV/UGC/2025/010"
swift_document,35,35,assets/uploads/vouchers/35/swift-proof-20251203105253-1a3069.pdf,"SWIFT / PV/UGC/2025/011"
swift_document,36,36,assets/uploads/vouchers/36/swift-proof-20251204172603-c90e9a.pdf,"SWIFT / PV/UGC/2025/012"
swift_document,37,37,assets/uploads/vouchers/37/swift-proof-20251205120755-bc6f75.pdf,"SWIFT / PV/UGC/2025/013"
swift_document,38,38,assets/uploads/vouchers/38/swift-proof-20251211150616-fbbba8.pdf,"SWIFT / PV/UGC/2025/014"
swift_document,39,39,assets/uploads/vouchers/39/swift-proof-20251204114008-b56910.pdf,"SWIFT / PV/UGC/2025/015"
swift_document,40,40,assets/uploads/vouchers/40/swift-proof-20251205120944-2df90c.pdf,"SWIFT / PV/UGC/2025/016"
swift_document,41,41,assets/uploads/vouchers/41/swift-proof-20251208152100-d9410b.jpg,"SWIFT / PV/UGC/2025/017"
swift_document,42,42,assets/uploads/vouchers/42/swift-proof-20251208171659-0a0a1d.jpeg,"SWIFT / PV/UGC/2025/018"
swift_document,43,43,assets/uploads/vouchers/43/swift-proof-20251209181858-b441da.pdf,"SWIFT / PV/UGC/2025/019"
swift_document,44,44,assets/uploads/vouchers/44/swift-proof-20251209181952-9a7b03.pdf,"SWIFT / PV/UGC/2025/020"
swift_document,45,45,assets/uploads/vouchers/45/swift-proof-20251210114406-a42112.pdf,"SWIFT / PV/UGC/2025/021"
swift_document,46,46,assets/uploads/vouchers/46/swift-proof-20251210114500-25537c.pdf,"SWIFT / PV/UGC/2025/022"
swift_document,47,47,assets/uploads/vouchers/47/swift-proof-20251210151511-3ca09c.pdf,"SWIFT / PV/UGC/2025/023"
swift_document,50,50,assets/uploads/vouchers/50/swift-proof-20251212104101-1a85d9.pdf,"SWIFT / PV/UGC/2025/024"
swift_document,51,51,assets/uploads/vouchers/51/swift-proof-20251212141712-498ea9.pdf,"SWIFT / PV/UGC/2025/025"
swift_document,52,52,assets/uploads/vouchers/52/swift-proof-20251212141756-62fd0d.pdf,"SWIFT / PV/UGC/2025/026"
swift_document,53,53,assets/uploads/vouchers/53/swift-proof-20251217092810-419225.pdf,"SWIFT / PV/UGC/2025/027"
swift_document,54,54,assets/uploads/vouchers/54/swift-proof-20251217092733-cceafd.pdf,"SWIFT / PV/UGC/2025/028"
swift_document,56,56,assets/uploads/vouchers/56/swift-proof-20251217092649-a68165.pdf,"SWIFT / PV/UGC/2025/029"
swift_document,58,58,assets/uploads/vouchers/58/swift-proof-20251218110122-4e33aa.pdf,"SWIFT / PV/UGC/2025/030"
swift_document,59,59,assets/uploads/vouchers/59/swift-proof-20251218110207-ea04a0.pdf,"SWIFT / PV/UGC/2025/031"
swift_document,60,60,assets/uploads/vouchers/60/swift-proof-20251218153525-d6f5ba.pdf,"SWIFT / PV/UGC/2025/032"
swift_document,61,61,assets/uploads/vouchers/61/swift-proof-20251218152800-0e7bfe.pdf,"SWIFT / PV/UGC/2025/033"
swift_document,63,63,assets/uploads/vouchers/63/swift-proof-20251223153750-579e82.pdf,"SWIFT / PV/UGC/2025/035"
swift_document,64,64,assets/uploads/vouchers/64/swift-proof-20251224124806-589a23.pdf,"SWIFT / PV/UGC/2025/036"
swift_document,66,66,assets/uploads/vouchers/66/swift-proof-20260105122644-941559.jpeg,"SWIFT / PV/UGC/2025/037"
swift_document,67,67,assets/uploads/vouchers/67/swift-proof-20251229202826-378908.pdf,"SWIFT / PV/UGC/2025/038"
swift_document,68,68,assets/uploads/vouchers/68/swift-proof-20260105124514-485890.pdf,"SWIFT / PV/UGC/2025/039"
swift_document,69,69,assets/uploads/vouchers/69/swift-proof-20251231134601-443ec2.pdf,"SWIFT / PV/UGC/2025/040"
swift_document,70,70,assets/uploads/vouchers/70/swift-proof-20260105125242-c521fa.pdf,"SWIFT / PV/UGC/2025/041"
swift_document,71,71,assets/uploads/vouchers/71/swift-proof-20260105124828-1c37d4.jpeg,"SWIFT / PV/UGC/2026/001"
swift_document,74,74,assets/uploads/vouchers/74/swift-proof-20260107085736-1bfdc9.pdf,"SWIFT / PV/UGC/2026/003"
swift_document,75,75,assets/uploads/vouchers/75/swift-proof-20260113103800-0ca9d7.pdf,"SWIFT / PV/UGC/2026/004"
swift_document,76,76,assets/uploads/vouchers/76/swift-proof-20260107075830-7a584e.pdf,"SWIFT / PV/UGC/2026/005"
swift_document,77,77,assets/uploads/vouchers/77/swift-proof-20260107105514-a472d7.pdf,"SWIFT / PV/UGC/2026/006"
swift_document,78,78,assets/uploads/vouchers/78/swift-proof-20260107104906-e7458c.pdf,"SWIFT / PV/UGC/2026/007"
swift_document,80,80,assets/uploads/vouchers/80/swift-proof-20260107160117-a5f68c.pdf,"SWIFT / PV/UGC/2026/009"
swift_document,81,81,assets/uploads/vouchers/81/swift-proof-20260202124114-0a3b96.pdf,"SWIFT / PV/UGC/2026/010"
swift_document,82,82,assets/uploads/vouchers/82/swift-proof-20260107155946-105cb8.pdf,"SWIFT / PV/UGC/2026/011"
swift_document,84,84,assets/uploads/vouchers/84/swift-proof-20260107160038-e4fe0e.pdf,"SWIFT / PV/UGC/2026/013"
swift_document,85,85,assets/uploads/vouchers/85/swift-proof-20260107165644-0aaaeb.pdf,"SWIFT / PV/UGC/2026/014"
swift_document,87,87,assets/uploads/vouchers/87/swift-proof-20260108122223-8bdc74.pdf,"SWIFT / PV/UGC/2026/016"
swift_document,88,88,assets/uploads/vouchers/88/swift-proof-20260108130912-fa14a6.pdf,"SWIFT / PV/UGC/2026/017"
swift_document,89,89,assets/uploads/vouchers/89/swift-proof-20260109072611-46919c.pdf,"SWIFT / PV/UGC/2026/018"
swift_document,90,90,assets/uploads/vouchers/90/swift-proof-20260108163643-a425d9.pdf,"SWIFT / PV/UGC/2026/019"
swift_document,91,91,assets/uploads/vouchers/91/swift-proof-20260108191646-ccdcd3.pdf,"SWIFT / PV/UGC/2026/020"
swift_document,93,93,assets/uploads/vouchers/93/swift-proof-20260109170400-316489.jpeg,"SWIFT / PV/UGC/2026/021"
swift_document,100,100,assets/uploads/vouchers/100/swift-proof-20260113140455-967fe3.pdf,"SWIFT / PV/UGC/2026/028"
swift_document,101,101,assets/uploads/vouchers/101/swift-proof-20260119134143-062139.pdf,"SWIFT / PV/UGC/2026/029"
swift_document,102,102,assets/uploads/vouchers/102/swift-proof-20260116134327-38e106.pdf,"SWIFT / PV/UGC/2026/030"
swift_document,104,104,assets/uploads/vouchers/104/swift-proof-20260116101655-e39c80.pdf,"SWIFT / PV/UGC/2026/032"
swift_document,106,106,assets/uploads/vouchers/106/swift-proof-20260119170255-1254a9.pdf,"SWIFT / PV/UGC/2026/034"
swift_document,107,107,assets/uploads/vouchers/107/swift-proof-20260122084553-92a3e5.pdf,"SWIFT / PV/UGC/2026/035"
swift_document,108,108,assets/uploads/vouchers/108/swift-proof-20260121084049-3a7c69.pdf,"SWIFT / PV/UGC/2026/036"
swift_document,109,109,assets/uploads/vouchers/109/swift-proof-20260121091039-0927ac.pdf,"SWIFT / PV/UGC/2026/037"
swift_document,110,110,assets/uploads/vouchers/110/swift-proof-20260123102426-f74a69.pdf,"SWIFT / PV/UGC/2026/038"
swift_document,111,111,assets/uploads/vouchers/111/swift-proof-20260122150615-ebfb7b.pdf,"SWIFT / PV/UGC/2026/039"
swift_document,112,112,assets/uploads/vouchers/112/swift-proof-20260123102320-bef562.pdf,"SWIFT / PV/UGC/2026/040"
swift_document,113,113,assets/uploads/vouchers/113/swift-proof-20260123114510-6adf56.pdf,"SWIFT / PV/UGC/2026/041"
swift_document,115,115,assets/uploads/vouchers/115/swift-proof-20260123120955-b28d93.pdf,"SWIFT / PV/UGC/2026/043"
swift_document,117,117,assets/uploads/vouchers/117/swift-proof-20260206090117-a0f13d.pdf,"SWIFT / PV/UGC/2026/045"
swift_document,118,118,assets/uploads/vouchers/118/swift-proof-20260129105016-129ee3.pdf,"SWIFT / PV/UGC/2026/046"
swift_document,119,119,assets/uploads/vouchers/119/swift-proof-20260129132956-46a3e2.pdf,"SWIFT / PV/UGC/2026/047"
swift_document,120,120,assets/uploads/vouchers/120/swift-proof-20260129132941-97cb8a.pdf,"SWIFT / PV/UGC/2026/048"
swift_document,121,121,assets/uploads/vouchers/121/swift-proof-20260129224312-aad3d3.pdf,"SWIFT / PV/UGC/2026/049"
swift_document,124,124,assets/uploads/vouchers/124/swift-proof-20260129175653-9b24de.pdf,"SWIFT / PV/UGC/2026/052"
swift_document,125,125,assets/uploads/vouchers/125/swift-proof-20260129224222-979278.pdf,"SWIFT / PV/UGC/2026/053"
swift_document,126,126,assets/uploads/vouchers/126/swift-proof-20260226131854-23fc1a.pdf,"SWIFT / PV/UGC/2026/054"
swift_document,127,127,assets/uploads/vouchers/127/swift-proof-20260130221243-662d53.pdf,"SWIFT / PV/UGC/2026/055"
swift_document,129,129,assets/uploads/vouchers/129/swift-proof-20260130221144-f7aa7b.pdf,"SWIFT / PV/UGC/2026/057"
swift_document,130,130,assets/uploads/vouchers/130/swift-proof-20260130221015-c82225.pdf,"SWIFT / PV/UGC/2026/058"
swift_document,131,131,assets/uploads/vouchers/131/swift-proof-20260206083523-b13dda.pdf,"SWIFT / PV/UGC/2026/059"
swift_document,132,132,assets/uploads/vouchers/132/swift-proof-20260206155750-19dabf.pdf,"SWIFT / PV/UGC/2026/060"
swift_document,133,133,assets/uploads/vouchers/133/swift-proof-20260204155413-910e37.pdf,"SWIFT / PV/UGC/2026/061"
swift_document,134,134,assets/uploads/vouchers/134/swift-proof-20260206144559-f5d536.pdf,"SWIFT / PV/UGC/2026/062"
swift_document,135,135,assets/uploads/vouchers/135/swift-proof-20260204155531-699776.pdf,"SWIFT / PV/UGC/2026/063"
swift_document,137,137,assets/uploads/vouchers/137/swift-proof-20260204155604-004456.pdf,"SWIFT / PV/UGC/2026/065"
swift_document,140,140,assets/uploads/vouchers/140/swift-proof-20260205175554-7195be.pdf,"SWIFT / PV/UGC/2026/068"
swift_document,141,141,assets/uploads/vouchers/141/swift-proof-20260204155708-25870a.pdf,"SWIFT / PV/UGC/2026/069"
swift_document,142,142,assets/uploads/vouchers/142/swift-proof-20260209135544-fcaad1.pdf,"SWIFT / PV/UGC/2026/070"
swift_document,144,144,assets/uploads/vouchers/144/swift-proof-20260210121218-20b074.pdf,"SWIFT / PV/UGC/2026/072"
swift_document,145,145,assets/uploads/vouchers/145/swift-proof-20260216091941-4ce200.pdf,"SWIFT / PV/UGC/2026/073"
swift_document,146,146,assets/uploads/vouchers/146/swift-proof-20260206164004-240100.pdf,"SWIFT / PV/UGC/2026/074"
swift_document,148,148,assets/uploads/vouchers/148/swift-proof-20260207125440-575f59.pdf,"SWIFT / PV/UGC/2026/076"
swift_document,149,149,assets/uploads/vouchers/149/swift-proof-20260209141445-616878.pdf,"SWIFT / PV/UGC/2026/077"
swift_document,150,150,assets/uploads/vouchers/150/swift-proof-20260209135639-aa457b.pdf,"SWIFT / PV/UGC/2026/078"
swift_document,151,151,assets/uploads/vouchers/151/swift-proof-20260209135807-564889.pdf,"SWIFT / PV/UGC/2026/079"
swift_document,152,152,assets/uploads/vouchers/152/swift-proof-20260209135732-cf3af7.pdf,"SWIFT / PV/UGC/2026/080"
swift_document,153,153,assets/uploads/vouchers/153/swift-proof-20260209135844-487893.pdf,"SWIFT / PV/UGC/2026/081"
swift_document,155,155,assets/uploads/vouchers/155/swift-proof-20260209140910-7f03b2.pdf,"SWIFT / PV/UGC/2026/082"
swift_document,156,156,assets/uploads/vouchers/156/swift-proof-20260210110400-6e7872.pdf,"SWIFT / PV/UGC/2026/083"
swift_document,158,158,assets/uploads/vouchers/158/swift-proof-20260213172511-98e2af.pdf,"SWIFT / PV/UGC/2026/085"
swift_document,159,159,assets/uploads/vouchers/159/swift-proof-20260216133520-0dac29.jpeg,"SWIFT / PV/UGC/2026/086"
swift_document,161,161,assets/uploads/vouchers/161/swift-proof-20260213172120-2f32fb.pdf,"SWIFT / PV/UGC/2026/087"
swift_document,162,162,assets/uploads/vouchers/162/swift-proof-20260216120507-63915f.pdf,"SWIFT / PV/UGC/2026/088"
swift_document,163,163,assets/uploads/vouchers/163/swift-proof-20260213123847-72fe00.pdf,"SWIFT / PV/UGC/2026/089"
swift_document,165,165,assets/uploads/vouchers/165/swift-proof-20260213172631-0376a5.pdf,"SWIFT / PV/UGC/2026/091"
swift_document,166,166,assets/uploads/vouchers/166/swift-proof-20260212144454-9d408a.pdf,"SWIFT / PV/UGC/2026/092"
swift_document,167,167,assets/uploads/vouchers/167/swift-proof-20260213172854-4fd84f.pdf,"SWIFT / PV/UGC/2026/093"
swift_document,169,169,assets/uploads/vouchers/169/swift-proof-20260216095506-693b2e.pdf,"SWIFT / PV/UGC/2026/095"
swift_document,170,170,assets/uploads/vouchers/170/swift-proof-20260216092727-0e8b23.jpeg,"SWIFT / PV/UGC/2026/096"
swift_document,171,171,assets/uploads/vouchers/171/swift-proof-20260213171821-ceacd4.pdf,"SWIFT / PV/UGC/2026/097"
swift_document,172,172,assets/uploads/vouchers/172/swift-proof-20260216123038-1d6ca4.pdf,"SWIFT / PV/UGC/2026/098"
swift_document,174,174,assets/uploads/vouchers/174/swift-proof-20260213171736-52b85c.pdf,"SWIFT / PV/UGC/2026/100"
swift_document,175,175,assets/uploads/vouchers/175/swift-proof-20260216134348-7768dc.pdf,"SWIFT / PV/UGC/2026/101"
swift_document,176,176,assets/uploads/vouchers/176/swift-proof-20260216134329-6d0ec4.pdf,"SWIFT / PV/UGC/2026/102"
swift_document,177,177,assets/uploads/vouchers/177/swift-proof-20260217125946-ba7044.pdf,"SWIFT / PV/UGC/2026/103"
swift_document,178,178,assets/uploads/vouchers/178/swift-proof-20260217125928-a0f435.pdf,"SWIFT / PV/UGC/2026/104"
swift_document,180,180,assets/uploads/vouchers/180/swift-proof-20260219101551-554354.jpeg,"SWIFT / PV/UGC/2026/106"
swift_document,181,181,assets/uploads/vouchers/181/swift-proof-20260218105229-8efbc5.pdf,"SWIFT / PV/UGC/2026/107"
swift_document,182,182,assets/uploads/vouchers/182/swift-proof-20260218142458-8a21cd.pdf,"SWIFT / PV/UGC/2026/108"
swift_document,183,183,assets/uploads/vouchers/183/swift-proof-20260219104425-52da64.pdf,"SWIFT / PV/UGC/2026/109"
swift_document,184,184,assets/uploads/vouchers/184/swift-proof-20260219150020-3b928f.pdf,"SWIFT / PV/UGC/2026/110"
swift_document,188,188,assets/uploads/vouchers/188/swift-proof-20260220142911-b7553e.pdf,"SWIFT / PV/UGC/2026/113"
swift_document,191,191,assets/uploads/vouchers/191/swift-proof-20260220142940-9e9178.pdf,"SWIFT / PV/UGC/2026/115"
swift_document,192,192,assets/uploads/vouchers/192/swift-proof-20260220152307-3e3326.pdf,"SWIFT / PV/UGC/2026/116"
swift_document,193,193,assets/uploads/vouchers/193/swift-proof-20260224084717-7fd85e.pdf,"SWIFT / PV/UGC/2026/117"
swift_document,195,195,assets/uploads/vouchers/195/swift-proof-20260225152714-ce524a.pdf,"SWIFT / PV/UGC/2026/119"
swift_document,196,196,assets/uploads/vouchers/196/swift-proof-20260223141836-53b79a.pdf,"SWIFT / PV/UGC/2026/120"
swift_document,197,197,assets/uploads/vouchers/197/swift-proof-20260223141907-2531bb.pdf,"SWIFT / PV/UGC/2026/121"
swift_document,198,198,assets/uploads/vouchers/198/swift-proof-20260223143126-fb53b6.pdf,"SWIFT / PV/UGC/2026/122"
swift_document,199,199,assets/uploads/vouchers/199/swift-proof-20260225152852-c6c2f1.pdf,"SWIFT / PV/UGC/2026/123"
swift_document,201,201,assets/uploads/vouchers/201/swift-proof-20260224134801-b6cbaf.pdf,"SWIFT / PV/UGC/2026/124"
swift_document,202,202,assets/uploads/vouchers/202/swift-proof-20260224165909-7fd3f1.pdf,"SWIFT / PV/UGC/2026/125"
swift_document,204,204,assets/uploads/vouchers/204/swift-proof-20260226163350-2efa13.pdf,"SWIFT / PV/UGC/2026/127"
swift_document,206,206,assets/uploads/vouchers/206/swift-proof-20260227124726-f5659d.pdf,"SWIFT / PV/UGC/2026/129"
swift_document,207,207,assets/uploads/vouchers/207/swift-proof-20260226163319-8532b5.pdf,"SWIFT / PV/UGC/2026/130"
swift_document,208,208,assets/uploads/vouchers/208/swift-proof-20260227151538-d29a39.jpeg,"SWIFT / PV/UGC/2026/131"
swift_document,211,211,assets/uploads/vouchers/211/swift-proof-20260302093837-430710.pdf,"SWIFT / PV/UGC/2026/134"
swift_document,212,212,assets/uploads/vouchers/212/swift-proof-20260302132110-043487.pdf,"SWIFT / PV/UGC/2026/135"
swift_document,213,213,assets/uploads/vouchers/213/swift-proof-20260302160706-bb667d.pdf,"SWIFT / PV/UGC/2026/136"
swift_document,214,214,assets/uploads/vouchers/214/swift-proof-20260302160342-768606.pdf,"SWIFT / PV/UGC/2026/137"
swift_document,215,215,assets/uploads/vouchers/215/swift-proof-20260302160328-4e77f6.pdf,"SWIFT / PV/UGC/2026/138"
swift_document,217,217,assets/uploads/vouchers/217/swift-proof-20260305165928-74fd0a.pdf,"SWIFT / PV/UGC/2026/140"
swift_document,218,218,assets/uploads/vouchers/218/swift-proof-20260303125159-2dcdfe.pdf,"SWIFT / PV/UGC/2026/141"
swift_document,219,219,assets/uploads/vouchers/219/swift-proof-20260303123824-ff555a.pdf,"SWIFT / PV/UGC/2026/142"
swift_document,221,221,assets/uploads/vouchers/221/swift-proof-20260310175746-2c27fa.pdf,"SWIFT / PV/UGC/2026/144"
swift_document,223,223,assets/uploads/vouchers/223/swift-proof-20260318143552-8d98dd.jpeg,"SWIFT / PV/UGC/2026/146"
swift_document,224,224,assets/uploads/vouchers/224/swift-proof-20260305170338-279f77.pdf,"SWIFT / PV/UGC/2026/147"
swift_document,226,226,assets/uploads/vouchers/226/swift-proof-20260309080401-2689f5.pdf,"SWIFT / PV/UGC/2026/149"
swift_document,228,228,assets/uploads/vouchers/228/swift-proof-20260310175714-4d4fdc.pdf,"SWIFT / PV/UGC/2026/150"
swift_document,229,229,assets/uploads/vouchers/229/swift-proof-20260305160327-e25145.pdf,"SWIFT / PV/UGC/2026/151"
swift_document,230,230,assets/uploads/vouchers/230/swift-proof-20260305160244-bc3174.pdf,"SWIFT / PV/UGC/2026/152"
swift_document,231,231,assets/uploads/vouchers/231/swift-proof-20260305103841-e69431.pdf,"SWIFT / PV/UGC/2026/153"
swift_document,232,232,assets/uploads/vouchers/232/swift-proof-20260309074549-c9d606.pdf,"SWIFT / PV/UGC/2026/154"
swift_document,233,233,assets/uploads/vouchers/233/swift-proof-20260309074254-b544de.pdf,"SWIFT / PV/UGC/2026/155"
swift_document,234,234,assets/uploads/vouchers/234/swift-proof-20260305103716-1266a4.pdf,"SWIFT / PV/UGC/2026/156"
swift_document,237,237,assets/uploads/vouchers/237/swift-proof-20260305155537-cdbf0f.pdf,"SWIFT / PV/UGC/2026/158"
swift_document,238,238,assets/uploads/vouchers/238/swift-proof-20260305103546-f71879.pdf,"SWIFT / PV/UGC/2026/159"
swift_document,239,239,assets/uploads/vouchers/239/swift-proof-20260310175842-5ca09c.pdf,"SWIFT / PV/UGC/2026/160"
swift_document,241,241,assets/uploads/vouchers/241/swift-proof-20260310164727-963baf.pdf,"SWIFT / PV/UGC/2026/162"
swift_document,242,242,assets/uploads/vouchers/242/swift-proof-20260310170757-1d5c8b.pdf,"SWIFT / PV/UGC/2026/163"
swift_document,243,243,assets/uploads/vouchers/243/swift-proof-20260314093305-3df9f3.pdf,"SWIFT / PV/UGC/2026/164"
swift_document,245,245,assets/uploads/vouchers/245/swift-proof-20260310165012-3c5fe8.pdf,"SWIFT / PV/UGC/2026/165"
swift_document,246,246,assets/uploads/vouchers/246/swift-proof-20260310165941-56974c.pdf,"SWIFT / PV/UGC/2026/166"
swift_document,247,247,assets/uploads/vouchers/247/swift-proof-20260310102232-1ea967.pdf,"SWIFT / PV/UGC/2026/167"
swift_document,248,248,assets/uploads/vouchers/248/swift-proof-20260310101311-d5f4dc.pdf,"SWIFT / PV/UGC/2026/168"
swift_document,249,249,assets/uploads/vouchers/249/swift-proof-20260310102202-fca610.pdf,"SWIFT / PV/UGC/2026/169"
swift_document,251,251,assets/uploads/vouchers/251/swift-proof-20260311185726-1817fb.pdf,"SWIFT / PV/UGC/2026/171"
swift_document,252,252,assets/uploads/vouchers/252/swift-proof-20260311185101-5f4a61.pdf,"SWIFT / PV/UGC/2026/172"
swift_document,253,253,assets/uploads/vouchers/253/swift-proof-20260325091235-70ec9c.pdf,"SWIFT / PV/UGC/2026/173"
swift_document,254,254,assets/uploads/vouchers/254/swift-proof-20260318125840-5e1f76.pdf,"SWIFT / PV/UGC/2026/174"
swift_document,255,255,assets/uploads/vouchers/255/swift-proof-20260312144346-b5185b.pdf,"SWIFT / PV/UGC/2026/175"
swift_document,256,256,assets/uploads/vouchers/256/swift-proof-20260312142451-afd3af.pdf,"SWIFT / PV/UGC/2026/176"
swift_document,261,261,assets/uploads/vouchers/261/swift-proof-20260317150943-20ae10.pdf,"SWIFT / PV/UGC/2026/181"
swift_document,264,264,assets/uploads/vouchers/264/swift-proof-20260318122124-7e0d8d.pdf,"SWIFT / PV/UGC/2026/184"
swift_document,265,265,assets/uploads/vouchers/265/swift-proof-20260318123957-d2848e.pdf,"SWIFT / PV/UGC/2026/185"
swift_document,266,266,assets/uploads/vouchers/266/swift-proof-20260317145621-02e0a6.pdf,"SWIFT / PV/UGC/2026/186"
swift_document,267,267,assets/uploads/vouchers/267/swift-proof-20260318120410-d411dc.pdf,"SWIFT / PV/UGC/2026/187"
swift_document,268,268,assets/uploads/vouchers/268/swift-proof-20260324084157-e8dafa.pdf,"SWIFT / PV/UGC/2026/188"
swift_document,269,269,assets/uploads/vouchers/269/swift-proof-20260318120257-4bd7c5.pdf,"SWIFT / PV/UGC/2026/189"
swift_document,270,270,assets/uploads/vouchers/270/swift-proof-20260318120155-fa8308.pdf,"SWIFT / PV/UGC/2026/190"
swift_document,271,271,assets/uploads/vouchers/271/swift-proof-20260317150454-f6be76.pdf,"SWIFT / PV/UGC/2026/191"
swift_document,272,272,assets/uploads/vouchers/272/swift-proof-20260317150253-4ddcaf.pdf,"SWIFT / PV/UGC/2026/192"
swift_document,273,273,assets/uploads/vouchers/273/swift-proof-20260324095144-00499e.pdf,"SWIFT / PV/UGC/2026/193"
swift_document,274,274,assets/uploads/vouchers/274/swift-proof-20260318132631-1a4b15.pdf,"SWIFT / PV/UGC/2026/194"
swift_document,276,276,assets/uploads/vouchers/276/swift-proof-20260323161103-085525.pdf,"SWIFT / PV/UGC/2026/196"
swift_document,277,277,assets/uploads/vouchers/277/swift-proof-20260320135528-52129d.pdf,"SWIFT / PV/UGC/2026/197"
swift_document,278,278,assets/uploads/vouchers/278/swift-proof-20260320142753-d73058.pdf,"SWIFT / PV/UGC/2026/198"
swift_document,281,281,assets/uploads/vouchers/281/swift-proof-20260320135134-64ad28.pdf,"SWIFT / PV/UGC/2026/201"
swift_document,282,282,assets/uploads/vouchers/282/swift-proof-20260320135437-cc46e0.pdf,"SWIFT / PV/UGC/2026/202"
swift_document,283,283,assets/uploads/vouchers/283/swift-proof-20260320135224-86fa8c.pdf,"SWIFT / PV/UGC/2026/203"
swift_document,284,284,assets/uploads/vouchers/284/swift-proof-20260320142622-d4b4d2.pdf,"SWIFT / PV/UGC/2026/204"
swift_document,285,285,assets/uploads/vouchers/285/swift-proof-20260320135332-d26a85.pdf,"SWIFT / PV/UGC/2026/205"
swift_document,286,286,assets/uploads/vouchers/286/swift-proof-20260325091136-7d7c92.pdf,"SWIFT / PV/UGC/2026/206"
swift_document,287,287,assets/uploads/vouchers/287/swift-proof-20260324094343-380712.pdf,"SWIFT / PV/UGC/2026/207"
swift_document,288,288,assets/uploads/vouchers/288/swift-proof-20260324094300-586576.pdf,"SWIFT / PV/UGC/2026/208"
swift_document,289,289,assets/uploads/vouchers/289/swift-proof-20260324094423-344ac7.pdf,"SWIFT / PV/UGC/2026/209"
swift_document,290,290,assets/uploads/vouchers/290/swift-proof-20260324094446-4f3aa9.pdf,"SWIFT / PV/UGC/2026/210"
swift_document,291,291,assets/uploads/vouchers/291/swift-proof-20260324100157-fe212c.pdf,"SWIFT / PV/UGC/2026/211"
swift_document,292,292,assets/uploads/vouchers/292/swift-proof-20260324100050-f04804.pdf,"SWIFT / PV/UGC/2026/212"
swift_document,293,293,assets/uploads/vouchers/293/swift-proof-20260324095946-840c4d.pdf,"SWIFT / PV/UGC/2026/213"
swift_document,294,294,assets/uploads/vouchers/294/swift-proof-20260330085936-257a70.pdf,"SWIFT / PV/UGC/2026/214"
swift_document,295,295,assets/uploads/vouchers/295/swift-proof-20260330085554-a74b3d.pdf,"SWIFT / PV/UGC/2026/215"
swift_document,297,297,assets/uploads/vouchers/297/swift-proof-20260330085121-94dcd1.pdf,"SWIFT / PV/UGC/2026/217"
swift_document,300,300,assets/uploads/vouchers/300/swift-proof-20260326150139-c3f109.pdf,"SWIFT / PV/UGC/2026/220"
swift_document,301,301,assets/uploads/vouchers/301/swift-proof-20260330090418-c59d7f.pdf,"SWIFT / PV/UGC/2026/221"
swift_document,302,302,assets/uploads/vouchers/302/swift-proof-20260330090545-b8e101.pdf,"SWIFT / PV/UGC/2026/222"
swift_document,303,303,assets/uploads/vouchers/303/swift-proof-20260330090814-dbaa28.pdf,"SWIFT / PV/UGC/2026/223"
swift_document,305,305,assets/uploads/vouchers/305/swift-proof-20260330091216-93bdec.pdf,"SWIFT / PV/UGC/2026/224"
swift_document,306,306,assets/uploads/vouchers/306/swift-proof-20260330102310-ba9887.pdf,"SWIFT / PV/UGC/2026/225"
swift_document,307,307,assets/uploads/vouchers/307/swift-proof-20260330091116-9b2938.pdf,"SWIFT / PV/UGC/2026/226"
swift_document,308,308,assets/uploads/vouchers/308/swift-proof-20260330102229-f9311c.pdf,"SWIFT / PV/UGC/2026/227"
swift_document,309,309,assets/uploads/vouchers/309/swift-proof-20260331102019-1e2cf1.pdf,"SWIFT / PV/UGC/2026/228"
swift_document,310,310,assets/uploads/vouchers/310/swift-proof-20260408141601-d7d487.pdf,"SWIFT / PV/UGC/2026/229"
swift_document,311,311,assets/uploads/vouchers/311/swift-proof-20260408141459-43697a.pdf,"SWIFT / PV/UGC/2026/230"
swift_document,314,314,assets/uploads/vouchers/314/swift_1774824707_Invoice_INV-2026-00166.pdf,"SWIFT / PV/UGC/2026/232"
swift_document,315,315,assets/uploads/vouchers/315/swift-proof-20260331101921-5d623c.pdf,"SWIFT / PV/UGC/2026/233"
swift_document,317,317,assets/uploads/vouchers/317/swift-proof-20260408123126-f8644a.pdf,"SWIFT / PV/UGC/2026/235"
swift_document,318,318,assets/uploads/vouchers/318/swift-proof-20260408141405-cc0446.pdf,"SWIFT / PV/UGC/2026/236"
swift_document,319,319,assets/uploads/vouchers/319/swift-proof-20260408141248-1a6874.pdf,"SWIFT / PV/UGC/2026/237"
swift_document,320,320,assets/uploads/vouchers/320/swift-proof-20260408141032-8dabb3.pdf,"SWIFT / PV/UGC/2026/238"
swift_document,323,323,assets/uploads/vouchers/323/swift-proof-20260408141000-b963f4.pdf,"SWIFT / PV/UGC/2026/241"
swift_document,326,326,assets/uploads/vouchers/326/swift-proof-20260408140818-38e52b.pdf,"SWIFT / PV/UGC/2026/244"
swift_document,327,327,assets/uploads/vouchers/327/swift-proof-20260413155818-053237.pdf,"SWIFT / PV/UGC/2026/245"
swift_document,328,328,assets/uploads/vouchers/328/swift-proof-20260408140711-8c7e85.pdf,"SWIFT / PV/UGC/2026/246"
swift_document,329,329,assets/uploads/vouchers/329/swift-proof-20260408132930-194a63.pdf,"SWIFT / PV/UGC/2026/247"
swift_document,330,330,assets/uploads/vouchers/330/swift-proof-20260410083253-31c3ef.pdf,"SWIFT / PV/UGC/2026/248"
swift_document,331,331,assets/uploads/vouchers/331/swift-proof-20260408123441-cc4605.pdf,"SWIFT / PV/UGC/2026/249"
swift_document,332,332,assets/uploads/vouchers/332/swift-proof-20260409145215-395e4d.pdf,"SWIFT / PV/UGC/2026/250"
swift_document,333,333,assets/uploads/vouchers/333/swift-proof-20260409143431-60932a.pdf,"SWIFT / PV/UGC/2026/251"
swift_document,334,334,assets/uploads/vouchers/334/swift-proof-20260410092713-f23eb1.pdf,"SWIFT / PV/UGC/2026/252"
swift_document,335,335,assets/uploads/vouchers/335/swift-proof-20260409144106-eb682e.pdf,"SWIFT / PV/UGC/2026/253"
swift_document,336,336,assets/uploads/vouchers/336/swift-proof-20260413093228-dd97de.pdf,"SWIFT / PV/UGC/2026/254"
swift_document,337,337,assets/uploads/vouchers/337/swift-proof-20260410092639-caf84a.pdf,"SWIFT / PV/UGC/2026/255"
swift_document,339,339,assets/uploads/vouchers/339/swift-proof-20260413155742-cb3d23.pdf,"SWIFT / PV/UGC/2026/256"
swift_document,340,340,assets/uploads/vouchers/340/swift-proof-20260413093148-2ebcc6.jpeg,"SWIFT / PV/UGC/2026/257"
swift_document,341,341,assets/uploads/vouchers/341/swift-proof-20260413091500-6cf9cb.pdf,"SWIFT / PV/UGC/2026/258"
swift_document,342,342,assets/uploads/vouchers/342/swift-proof-20260413091959-fce9e7.pdf,"SWIFT / PV/UGC/2026/259"
swift_document,343,343,assets/uploads/vouchers/343/swift-proof-20260413091614-4b5672.pdf,"SWIFT / PV/UGC/2026/260"
swift_document,344,344,assets/uploads/vouchers/344/swift-proof-20260413091547-9f13ef.pdf,"SWIFT / PV/UGC/2026/261"
swift_document,345,345,assets/uploads/vouchers/345/swift-proof-20260414100159-fab0fd.pdf,"SWIFT / PV/UGC/2026/262"
swift_document,347,347,assets/uploads/vouchers/347/swift-proof-20260417083718-2da9f0.pdf,"SWIFT / PV/UGC/2026/263"
swift_document,350,350,assets/uploads/vouchers/350/swift-proof-20260415132225-92d760.pdf,"SWIFT / PV/UGC/2026/266"
swift_document,351,351,assets/uploads/vouchers/351/swift-proof-20260415132207-948e52.pdf,"SWIFT / PV/UGC/2026/267"
swift_document,352,352,assets/uploads/vouchers/352/swift-proof-20260415120956-8e063d.pdf,"SWIFT / PV/UGC/2026/268"
swift_document,353,353,assets/uploads/vouchers/353/swift-proof-20260416083031-2de29a.pdf,"SWIFT / PV/UGC/2026/269"
swift_document,354,354,assets/uploads/vouchers/354/swift-proof-20260416083100-a631cb.pdf,"SWIFT / PV/UGC/2026/270"
swift_document,355,355,assets/uploads/vouchers/355/swift-proof-20260420143024-6569db.pdf,"SWIFT / PV/UGC/2026/271"
swift_document,356,356,assets/uploads/vouchers/356/swift-proof-20260420145910-8c3e5c.pdf,"SWIFT / PV/UGC/2026/272"
swift_document,357,357,assets/uploads/vouchers/357/swift-proof-20260420145948-84500e.pdf,"SWIFT / PV/UGC/2026/273"
swift_document,358,358,assets/uploads/vouchers/358/swift-proof-20260420150124-54ec8e.pdf,"SWIFT / PV/UGC/2026/274"
swift_document,359,359,assets/uploads/vouchers/359/swift-proof-20260420150613-036b24.pdf,"SWIFT / PV/UGC/2026/275"
swift_document,360,360,assets/uploads/vouchers/360/swift-proof-20260423092106-772ddd.pdf,"SWIFT / PV/UGC/2026/276"
swift_document,361,361,assets/uploads/vouchers/361/swift-proof-20260420150725-ec56a3.pdf,"SWIFT / PV/UGC/2026/277"
swift_document,362,362,assets/uploads/vouchers/362/swift-proof-20260420150459-e2713d.pdf,"SWIFT / PV/UGC/2026/278"
swift_document,363,363,assets/uploads/vouchers/363/swift-proof-20260420150224-10a662.pdf,"SWIFT / PV/UGC/2026/279"
swift_document,365,365,assets/uploads/vouchers/365/swift-proof-20260420145743-11897e.pdf,"SWIFT / PV/UGC/2026/280"
swift_document,366,366,assets/uploads/vouchers/366/swift-proof-20260420145712-d95133.pdf,"SWIFT / PV/UGC/2026/281"
swift_document,368,368,assets/uploads/vouchers/368/swift-proof-20260420145631-f1f720.jpeg,"SWIFT / PV/UGC/2026/282"
swift_document,369,369,assets/uploads/vouchers/369/swift-proof-20260420144956-c82a15.pdf,"SWIFT / PV/UGC/2026/283"
swift_document,370,370,assets/uploads/vouchers/370/swift-proof-20260420144925-64d031.pdf,"SWIFT / PV/UGC/2026/284"
swift_document,372,372,assets/uploads/vouchers/372/swift-proof-20260421125107-02682c.pdf,"SWIFT / PV/UGC/2026/286"
swift_document,373,373,assets/uploads/vouchers/373/swift-proof-20260421124751-b92416.pdf,"SWIFT / PV/UGC/2026/287"
swift_document,374,374,assets/uploads/vouchers/374/swift-proof-20260421162331-e96ad2.pdf,"SWIFT / PV/UGC/2026/288"
swift_document,376,376,assets/uploads/vouchers/376/swift-proof-20260421163720-c000fe.pdf,"SWIFT / PV/UGC/2026/290"
swift_document,377,377,assets/uploads/vouchers/377/swift-proof-20260421163923-ac8212.pdf,"SWIFT / PV/UGC/2026/291"
swift_document,378,378,assets/uploads/vouchers/378/swift-proof-20260422141030-2ab80b.pdf,"SWIFT / PV/UGC/2026/292"
swift_document,379,379,assets/uploads/vouchers/379/swift-proof-20260422144149-ceaa57.pdf,"SWIFT / PV/UGC/2026/293"
swift_document,380,380,assets/uploads/vouchers/380/swift-proof-20260422144034-6c30c6.pdf,"SWIFT / PV/UGC/2026/294"
swift_document,381,381,assets/uploads/vouchers/381/swift-proof-20260421162418-0f0a74.pdf,"SWIFT / PV/UGC/2026/295"
swift_document,382,382,assets/uploads/vouchers/382/swift-proof-20260422140544-073a36.pdf,"SWIFT / PV/UGC/2026/296"
swift_document,383,383,assets/uploads/vouchers/383/swift-proof-20260422140956-ba16c4.pdf,"SWIFT / PV/UGC/2026/297"
swift_document,384,384,assets/uploads/vouchers/384/swift-proof-20260422140804-52a04a.pdf,"SWIFT / PV/UGC/2026/298"
swift_document,386,386,assets/uploads/vouchers/386/swift-proof-20260422143723-f6ca87.pdf,"SWIFT / PV/UGC/2026/300"
swift_document,387,387,assets/uploads/vouchers/387/swift-proof-20260422140710-514158.pdf,"SWIFT / PV/UGC/2026/301"
swift_document,388,388,assets/uploads/vouchers/388/swift-proof-20260506101640-8631bb.pdf,"SWIFT / PV/UGC/2026/302"
swift_document,390,390,assets/uploads/vouchers/390/swift-proof-20260427125244-1a609a.pdf,"SWIFT / PV/UGC/2026/304"
swift_document,391,391,assets/uploads/vouchers/391/swift-proof-20260504133818-32547e.pdf,"SWIFT / PV/UGC/2026/305"
swift_document,392,392,assets/uploads/vouchers/392/swift-proof-20260427122126-fccc66.pdf,"SWIFT / PV/UGC/2026/306"
swift_document,393,393,assets/uploads/vouchers/393/swift-proof-20260504133858-97e01b.pdf,"SWIFT / PV/UGC/2026/307"
swift_document,394,394,assets/uploads/vouchers/394/swift-proof-20260427121917-515699.pdf,"SWIFT / PV/UGC/2026/308"
swift_document,395,395,assets/uploads/vouchers/395/swift-proof-20260427110751-d589ec.pdf,"SWIFT / PV/UGC/2026/309"
swift_document,398,398,assets/uploads/vouchers/398/swift-proof-20260427115421-e1570b.pdf,"SWIFT / PV/UGC/2026/312"
swift_document,399,399,assets/uploads/vouchers/399/swift-proof-20260427114954-3bccf5.pdf,"SWIFT / PV/UGC/2026/313"
swift_document,400,400,assets/uploads/vouchers/400/swift-proof-20260504115325-d99ee1.pdf,"SWIFT / PV/UGC/2026/314"
swift_document,401,401,assets/uploads/vouchers/401/swift-proof-20260427144122-f7d7f6.pdf,"SWIFT / PV/UGC/2026/315"
swift_document,403,403,assets/uploads/vouchers/403/swift-proof-20260504133505-9dd825.pdf,"SWIFT / PV/UGC/2026/317"
swift_document,405,405,assets/uploads/vouchers/405/swift-proof-20260504114931-6d9ae0.pdf,"SWIFT / PV/UGC/2026/319"
swift_document,406,406,assets/uploads/vouchers/406/swift-proof-20260430091812-ed1f3b.pdf,"SWIFT / PV/UGC/2026/320"
swift_document,408,408,assets/uploads/vouchers/408/swift-proof-20260504115012-9ea0de.pdf,"SWIFT / PV/UGC/2026/322"
swift_document,410,410,assets/uploads/vouchers/410/swift-proof-20260504133353-4d96d5.pdf,"SWIFT / PV/UGC/2026/324"
swift_document,412,412,assets/uploads/vouchers/412/swift-proof-20260504115045-abbfd0.pdf,"SWIFT / PV/UGC/2026/326"
swift_document,413,413,assets/uploads/vouchers/413/swift-proof-20260506095414-2b63a8.pdf,"SWIFT / PV/UGC/2026/327"
swift_document,414,414,assets/uploads/vouchers/414/swift-proof-20260518131051-8a8c43.pdf,"SWIFT / PV/UGC/2026/328"
swift_document,423,423,assets/uploads/vouchers/423/swift-proof-20260518131450-8a5cea.pdf,"SWIFT / PV/UGC/2026/336"
swift_document,428,428,assets/uploads/vouchers/428/swift-proof-20260518131241-963866.pdf,"SWIFT / PV/UGC/2026/341"
swift_document,429,429,assets/uploads/vouchers/429/swift-proof-20260518131213-3d1d9f.pdf,"SWIFT / PV/UGC/2026/342"
swift_document,430,430,assets/uploads/vouchers/430/swift-proof-20260518124833-9758cd.pdf,"SWIFT / PV/UGC/2026/343"
swift_document,432,432,assets/uploads/vouchers/432/swift-proof-20260518122926-d0c706.pdf,"SWIFT / PV/UGC/2026/345"
swift_document,434,434,assets/uploads/vouchers/434/swift-proof-20260518122853-53f059.pdf,"SWIFT / PV/UGC/2026/347"
